Record Length,2.500000e+03,,   0.067840000000,   0.00000,
Sample Interval,2.000000e-06,,   0.067842000000,   0.00000,
Trigger Point,-3.392000000000e+04,,   0.067844000000,   0.00000,
,,,   0.067846000000,   0.00000,
,,,   0.067848000000,   0.00000,
,,,   0.067850000000,   0.00000,
Source,CH1,,   0.067852000000,   0.00000,
Vertical Units,V,,   0.067854000000,   0.00000,
Vertical Scale,2.000000e-01,,   0.067856000000,   0.00000,
Vertical Offset,-5.920000e-01,,   0.067858000000,   0.00000,
Horizontal Units,s,,   0.067860000000,  -0.00800,
Horizontal Scale,5.000000e-04,,   0.067862000000,   0.00000,
Pt Fmt,Y,,   0.067864000000,   0.00000,
Yzero,0.000000e+00,,   0.067866000000,   0.00000,
Probe Atten,1.000000e+00,,   0.067868000000,   0.00000,
Model Number,TDS1012B,,   0.067870000000,   0.00000,
Serial Number,C101254,,   0.067872000000,   0.00000,
Firmware Version,FV:v22.11,,   0.067874000000,   0.00000,
,,,0.067876000000,  -0.00800,
,,,0.067878000000,   0.00000,
,,,0.067880000000,   0.00000,
,,,0.067882000000,   0.00000,
,,,0.067884000000,   0.00000,
,,,0.067886000000,   0.00000,
,,,0.067888000000,   0.00000,
,,,0.067890000000,   0.00000,
,,,0.067892000000,   0.00000,
,,,0.067894000000,  -0.00800,
,,,0.067896000000,   0.00000,
,,,0.067898000000,   0.00000,
,,,0.067900000000,   0.00000,
,,,0.067902000000,   0.00000,
,,,0.067904000000,   0.00000,
,,,0.067906000000,   0.00000,
,,,0.067908000000,   0.00000,
,,,0.067910000000,   0.00000,
,,,0.067912000000,   0.00000,
,,,0.067914000000,   0.00000,
,,,0.067916000000,   0.00000,
,,,0.067918000000,   0.00000,
,,,0.067920000000,   0.00000,
,,,0.067922000000,   0.00000,
,,,0.067924000000,   0.00000,
,,,0.067926000000,   0.00000,
,,,0.067928000000,   0.00000,
,,,0.067930000000,  -0.00800,
,,,0.067932000000,   0.00000,
,,,0.067934000000,   0.00000,
,,,0.067936000000,   0.00000,
,,,0.067938000000,   0.00000,
,,,0.067940000000,   0.00000,
,,,0.067942000000,   0.00000,
,,,0.067944000000,   0.00000,
,,,0.067946000000,   0.00000,
,,,0.067948000000,   0.00000,
,,,0.067950000000,   0.00000,
,,,0.067952000000,   0.00000,
,,,0.067954000000,   0.00000,
,,,0.067956000000,   0.00000,
,,,0.067958000000,   0.00000,
,,,0.067960000000,   0.00000,
,,,0.067962000000,  -0.00800,
,,,0.067964000000,   0.00000,
,,,0.067966000000,   0.00000,
,,,0.067968000000,   0.00000,
,,,0.067970000000,   0.00000,
,,,0.067972000000,   0.00000,
,,,0.067974000000,   0.00000,
,,,0.067976000000,   0.00000,
,,,0.067978000000,   0.00000,
,,,0.067980000000,   0.00000,
,,,0.067982000000,   0.00000,
,,,0.067984000000,   0.00000,
,,,0.067986000000,   0.00000,
,,,0.067988000000,   0.00000,
,,,0.067990000000,   0.00000,
,,,0.067992000000,   0.00000,
,,,0.067994000000,   0.00000,
,,,0.067996000000,   0.00000,
,,,0.067998000000,   0.00000,
,,,0.068000000000,   0.00000,
,,,0.068002000000,   0.00000,
,,,0.068004000000,   0.00000,
,,,0.068006000000,   0.00000,
,,,0.068008000000,   0.00000,
,,,0.068010000000,   0.00000,
,,,0.068012000000,   0.00000,
,,,0.068014000000,   0.00000,
,,,0.068016000000,   0.00000,
,,,0.068018000000,   0.00000,
,,,0.068020000000,   0.00000,
,,,0.068022000000,   0.00000,
,,,0.068024000000,   0.00800,
,,,0.068026000000,   0.00000,
,,,0.068028000000,   0.00000,
,,,0.068030000000,   0.00800,
,,,0.068032000000,   0.00000,
,,,0.068034000000,   0.00000,
,,,0.068036000000,   0.00000,
,,,0.068038000000,   0.00000,
,,,0.068040000000,   0.00000,
,,,0.068042000000,   0.00000,
,,,0.068044000000,   0.00000,
,,,0.068046000000,   0.00000,
,,,0.068048000000,   0.00000,
,,,0.068050000000,   0.00000,
,,,0.068052000000,   0.00000,
,,,0.068054000000,   0.00000,
,,,0.068056000000,   0.00000,
,,,0.068058000000,   0.00000,
,,,0.068060000000,   0.00000,
,,,0.068062000000,   0.00000,
,,,0.068064000000,   0.00000,
,,,0.068066000000,   0.00000,
,,,0.068068000000,   0.00000,
,,,0.068070000000,   0.00000,
,,,0.068072000000,   0.00800,
,,,0.068074000000,   0.00800,
,,,0.068076000000,   0.00000,
,,,0.068078000000,   0.00000,
,,,0.068080000000,   0.00000,
,,,0.068082000000,   0.00800,
,,,0.068084000000,   0.00000,
,,,0.068086000000,   0.00000,
,,,0.068088000000,   0.00800,
,,,0.068090000000,   0.00000,
,,,0.068092000000,   0.00000,
,,,0.068094000000,   0.00000,
,,,0.068096000000,   0.00000,
,,,0.068098000000,   0.00000,
,,,0.068100000000,   0.00000,
,,,0.068102000000,   0.00000,
,,,0.068104000000,   0.00800,
,,,0.068106000000,   0.00000,
,,,0.068108000000,   0.00800,
,,,0.068110000000,   0.00800,
,,,0.068112000000,   0.00800,
,,,0.068114000000,   0.00800,
,,,0.068116000000,   0.00800,
,,,0.068118000000,   0.00800,
,,,0.068120000000,   0.00800,
,,,0.068122000000,   0.00800,
,,,0.068124000000,   0.00800,
,,,0.068126000000,   0.00800,
,,,0.068128000000,   0.00800,
,,,0.068130000000,   0.00800,
,,,0.068132000000,   0.00800,
,,,0.068134000000,   0.00800,
,,,0.068136000000,   0.00800,
,,,0.068138000000,   0.00800,
,,,0.068140000000,   0.00800,
,,,0.068142000000,   0.01600,
,,,0.068144000000,   0.00800,
,,,0.068146000000,   0.01600,
,,,0.068148000000,   0.01600,
,,,0.068150000000,   0.01600,
,,,0.068152000000,   0.01600,
,,,0.068154000000,   0.01600,
,,,0.068156000000,   0.01600,
,,,0.068158000000,   0.00800,
,,,0.068160000000,   0.01600,
,,,0.068162000000,   0.01600,
,,,0.068164000000,   0.01600,
,,,0.068166000000,   0.01600,
,,,0.068168000000,   0.01600,
,,,0.068170000000,   0.01600,
,,,0.068172000000,   0.01600,
,,,0.068174000000,   0.01600,
,,,0.068176000000,   0.01600,
,,,0.068178000000,   0.01600,
,,,0.068180000000,   0.01600,
,,,0.068182000000,   0.01600,
,,,0.068184000000,   0.01600,
,,,0.068186000000,   0.01600,
,,,0.068188000000,   0.02400,
,,,0.068190000000,   0.02400,
,,,0.068192000000,   0.02400,
,,,0.068194000000,   0.02400,
,,,0.068196000000,   0.02400,
,,,0.068198000000,   0.02400,
,,,0.068200000000,   0.02400,
,,,0.068202000000,   0.02400,
,,,0.068204000000,   0.03200,
,,,0.068206000000,   0.03200,
,,,0.068208000000,   0.03200,
,,,0.068210000000,   0.02400,
,,,0.068212000000,   0.03200,
,,,0.068214000000,   0.03200,
,,,0.068216000000,   0.03200,
,,,0.068218000000,   0.03200,
,,,0.068220000000,   0.04000,
,,,0.068222000000,   0.04000,
,,,0.068224000000,   0.04000,
,,,0.068226000000,   0.04000,
,,,0.068228000000,   0.04000,
,,,0.068230000000,   0.04000,
,,,0.068232000000,   0.04000,
,,,0.068234000000,   0.04800,
,,,0.068236000000,   0.04000,
,,,0.068238000000,   0.04000,
,,,0.068240000000,   0.04800,
,,,0.068242000000,   0.04800,
,,,0.068244000000,   0.05600,
,,,0.068246000000,   0.05600,
,,,0.068248000000,   0.05600,
,,,0.068250000000,   0.05600,
,,,0.068252000000,   0.05600,
,,,0.068254000000,   0.06400,
,,,0.068256000000,   0.06400,
,,,0.068258000000,   0.06400,
,,,0.068260000000,   0.07200,
,,,0.068262000000,   0.07200,
,,,0.068264000000,   0.07200,
,,,0.068266000000,   0.08000,
,,,0.068268000000,   0.08000,
,,,0.068270000000,   0.08800,
,,,0.068272000000,   0.08800,
,,,0.068274000000,   0.09600,
,,,0.068276000000,   0.09600,
,,,0.068278000000,   0.10400,
,,,0.068280000000,   0.11200,
,,,0.068282000000,   0.11200,
,,,0.068284000000,   0.12000,
,,,0.068286000000,   0.12800,
,,,0.068288000000,   0.12800,
,,,0.068290000000,   0.13600,
,,,0.068292000000,   0.14400,
,,,0.068294000000,   0.14400,
,,,0.068296000000,   0.15200,
,,,0.068298000000,   0.16000,
,,,0.068300000000,   0.16800,
,,,0.068302000000,   0.17600,
,,,0.068304000000,   0.18400,
,,,0.068306000000,   0.19200,
,,,0.068308000000,   0.20000,
,,,0.068310000000,   0.20800,
,,,0.068312000000,   0.21600,
,,,0.068314000000,   0.22400,
,,,0.068316000000,   0.23200,
,,,0.068318000000,   0.24800,
,,,0.068320000000,   0.25600,
,,,0.068322000000,   0.26400,
,,,0.068324000000,   0.27200,
,,,0.068326000000,   0.28800,
,,,0.068328000000,   0.29600,
,,,0.068330000000,   0.30400,
,,,0.068332000000,   0.31200,
,,,0.068334000000,   0.32800,
,,,0.068336000000,   0.33600,
,,,0.068338000000,   0.35200,
,,,0.068340000000,   0.36000,
,,,0.068342000000,   0.37600,
,,,0.068344000000,   0.38400,
,,,0.068346000000,   0.40000,
,,,0.068348000000,   0.40800,
,,,0.068350000000,   0.41600,
,,,0.068352000000,   0.43200,
,,,0.068354000000,   0.44000,
,,,0.068356000000,   0.45600,
,,,0.068358000000,   0.46400,
,,,0.068360000000,   0.48000,
,,,0.068362000000,   0.48800,
,,,0.068364000000,   0.50400,
,,,0.068366000000,   0.51200,
,,,0.068368000000,   0.52800,
,,,0.068370000000,   0.54400,
,,,0.068372000000,   0.55200,
,,,0.068374000000,   0.56000,
,,,0.068376000000,   0.57600,
,,,0.068378000000,   0.59200,
,,,0.068380000000,   0.60000,
,,,0.068382000000,   0.60800,
,,,0.068384000000,   0.62400,
,,,0.068386000000,   0.63200,
,,,0.068388000000,   0.64000,
,,,0.068390000000,   0.64800,
,,,0.068392000000,   0.66400,
,,,0.068394000000,   0.67200,
,,,0.068396000000,   0.68800,
,,,0.068398000000,   0.68800,
,,,0.068400000000,   0.70400,
,,,0.068402000000,   0.71200,
,,,0.068404000000,   0.72000,
,,,0.068406000000,   0.72800,
,,,0.068408000000,   0.74400,
,,,0.068410000000,   0.75200,
,,,0.068412000000,   0.76000,
,,,0.068414000000,   0.76800,
,,,0.068416000000,   0.77600,
,,,0.068418000000,   0.77600,
,,,0.068420000000,   0.79200,
,,,0.068422000000,   0.79200,
,,,0.068424000000,   0.80000,
,,,0.068426000000,   0.81600,
,,,0.068428000000,   0.81600,
,,,0.068430000000,   0.82400,
,,,0.068432000000,   0.83200,
,,,0.068434000000,   0.84000,
,,,0.068436000000,   0.84800,
,,,0.068438000000,   0.84800,
,,,0.068440000000,   0.85600,
,,,0.068442000000,   0.86400,
,,,0.068444000000,   0.86400,
,,,0.068446000000,   0.88000,
,,,0.068448000000,   0.88000,
,,,0.068450000000,   0.88800,
,,,0.068452000000,   0.88800,
,,,0.068454000000,   0.89600,
,,,0.068456000000,   0.90400,
,,,0.068458000000,   0.90400,
,,,0.068460000000,   0.91200,
,,,0.068462000000,   0.92000,
,,,0.068464000000,   0.92800,
,,,0.068466000000,   0.92800,
,,,0.068468000000,   0.93600,
,,,0.068470000000,   0.93600,
,,,0.068472000000,   0.93600,
,,,0.068474000000,   0.94400,
,,,0.068476000000,   0.95200,
,,,0.068478000000,   0.95200,
,,,0.068480000000,   0.96000,
,,,0.068482000000,   0.96000,
,,,0.068484000000,   0.96800,
,,,0.068486000000,   0.96800,
,,,0.068488000000,   0.97600,
,,,0.068490000000,   0.97600,
,,,0.068492000000,   0.98400,
,,,0.068494000000,   0.99200,
,,,0.068496000000,   0.99200,
,,,0.068498000000,   0.99200,
,,,0.068500000000,   0.99200,
,,,0.068502000000,   0.99200,
,,,0.068504000000,   1.00000,
,,,0.068506000000,   1.00000,
,,,0.068508000000,   1.00000,
,,,0.068510000000,   1.00800,
,,,0.068512000000,   1.01600,
,,,0.068514000000,   1.01600,
,,,0.068516000000,   1.01600,
,,,0.068518000000,   1.01600,
,,,0.068520000000,   1.02400,
,,,0.068522000000,   1.02400,
,,,0.068524000000,   1.02400,
,,,0.068526000000,   1.02400,
,,,0.068528000000,   1.03200,
,,,0.068530000000,   1.03200,
,,,0.068532000000,   1.03200,
,,,0.068534000000,   1.03200,
,,,0.068536000000,   1.03200,
,,,0.068538000000,   1.04000,
,,,0.068540000000,   1.04000,
,,,0.068542000000,   1.04000,
,,,0.068544000000,   1.04800,
,,,0.068546000000,   1.04800,
,,,0.068548000000,   1.04800,
,,,0.068550000000,   1.04800,
,,,0.068552000000,   1.04800,
,,,0.068554000000,   1.04800,
,,,0.068556000000,   1.04800,
,,,0.068558000000,   1.04800,
,,,0.068560000000,   1.05600,
,,,0.068562000000,   1.04800,
,,,0.068564000000,   1.04800,
,,,0.068566000000,   1.05600,
,,,0.068568000000,   1.05600,
,,,0.068570000000,   1.05600,
,,,0.068572000000,   1.06400,
,,,0.068574000000,   1.05600,
,,,0.068576000000,   1.05600,
,,,0.068578000000,   1.06400,
,,,0.068580000000,   1.06400,
,,,0.068582000000,   1.06400,
,,,0.068584000000,   1.06400,
,,,0.068586000000,   1.06400,
,,,0.068588000000,   1.06400,
,,,0.068590000000,   1.06400,
,,,0.068592000000,   1.06400,
,,,0.068594000000,   1.06400,
,,,0.068596000000,   1.06400,
,,,0.068598000000,   1.06400,
,,,0.068600000000,   1.07200,
,,,0.068602000000,   1.06400,
,,,0.068604000000,   1.07200,
,,,0.068606000000,   1.07200,
,,,0.068608000000,   1.06400,
,,,0.068610000000,   1.06400,
,,,0.068612000000,   1.07200,
,,,0.068614000000,   1.07200,
,,,0.068616000000,   1.07200,
,,,0.068618000000,   1.07200,
,,,0.068620000000,   1.07200,
,,,0.068622000000,   1.07200,
,,,0.068624000000,   1.07200,
,,,0.068626000000,   1.07200,
,,,0.068628000000,   1.07200,
,,,0.068630000000,   1.07200,
,,,0.068632000000,   1.07200,
,,,0.068634000000,   1.07200,
,,,0.068636000000,   1.07200,
,,,0.068638000000,   1.07200,
,,,0.068640000000,   1.07200,
,,,0.068642000000,   1.07200,
,,,0.068644000000,   1.07200,
,,,0.068646000000,   1.07200,
,,,0.068648000000,   1.07200,
,,,0.068650000000,   1.07200,
,,,0.068652000000,   1.07200,
,,,0.068654000000,   1.07200,
,,,0.068656000000,   1.07200,
,,,0.068658000000,   1.07200,
,,,0.068660000000,   1.07200,
,,,0.068662000000,   1.07200,
,,,0.068664000000,   1.07200,
,,,0.068666000000,   1.07200,
,,,0.068668000000,   1.07200,
,,,0.068670000000,   1.07200,
,,,0.068672000000,   1.07200,
,,,0.068674000000,   1.07200,
,,,0.068676000000,   1.07200,
,,,0.068678000000,   1.07200,
,,,0.068680000000,   1.07200,
,,,0.068682000000,   1.07200,
,,,0.068684000000,   1.07200,
,,,0.068686000000,   1.07200,
,,,0.068688000000,   1.07200,
,,,0.068690000000,   1.07200,
,,,0.068692000000,   1.07200,
,,,0.068694000000,   1.07200,
,,,0.068696000000,   1.07200,
,,,0.068698000000,   1.07200,
,,,0.068700000000,   1.07200,
,,,0.068702000000,   1.07200,
,,,0.068704000000,   1.07200,
,,,0.068706000000,   1.07200,
,,,0.068708000000,   1.07200,
,,,0.068710000000,   1.07200,
,,,0.068712000000,   1.07200,
,,,0.068714000000,   1.07200,
,,,0.068716000000,   1.07200,
,,,0.068718000000,   1.07200,
,,,0.068720000000,   1.07200,
,,,0.068722000000,   1.07200,
,,,0.068724000000,   1.07200,
,,,0.068726000000,   1.07200,
,,,0.068728000000,   1.07200,
,,,0.068730000000,   1.07200,
,,,0.068732000000,   1.07200,
,,,0.068734000000,   1.08000,
,,,0.068736000000,   1.07200,
,,,0.068738000000,   1.07200,
,,,0.068740000000,   1.07200,
,,,0.068742000000,   1.07200,
,,,0.068744000000,   1.07200,
,,,0.068746000000,   1.07200,
,,,0.068748000000,   1.07200,
,,,0.068750000000,   1.07200,
,,,0.068752000000,   1.07200,
,,,0.068754000000,   1.08000,
,,,0.068756000000,   1.07200,
,,,0.068758000000,   1.07200,
,,,0.068760000000,   1.07200,
,,,0.068762000000,   1.07200,
,,,0.068764000000,   1.07200,
,,,0.068766000000,   1.08000,
,,,0.068768000000,   1.07200,
,,,0.068770000000,   1.07200,
,,,0.068772000000,   1.07200,
,,,0.068774000000,   1.07200,
,,,0.068776000000,   1.07200,
,,,0.068778000000,   1.07200,
,,,0.068780000000,   1.08000,
,,,0.068782000000,   1.07200,
,,,0.068784000000,   1.08000,
,,,0.068786000000,   1.07200,
,,,0.068788000000,   1.07200,
,,,0.068790000000,   1.07200,
,,,0.068792000000,   1.07200,
,,,0.068794000000,   1.07200,
,,,0.068796000000,   1.07200,
,,,0.068798000000,   1.07200,
,,,0.068800000000,   1.07200,
,,,0.068802000000,   1.07200,
,,,0.068804000000,   1.07200,
,,,0.068806000000,   1.07200,
,,,0.068808000000,   1.07200,
,,,0.068810000000,   1.07200,
,,,0.068812000000,   1.07200,
,,,0.068814000000,   1.07200,
,,,0.068816000000,   1.07200,
,,,0.068818000000,   1.08000,
,,,0.068820000000,   1.08000,
,,,0.068822000000,   1.07200,
,,,0.068824000000,   1.07200,
,,,0.068826000000,   1.07200,
,,,0.068828000000,   1.07200,
,,,0.068830000000,   1.08000,
,,,0.068832000000,   1.07200,
,,,0.068834000000,   1.07200,
,,,0.068836000000,   1.07200,
,,,0.068838000000,   1.08000,
,,,0.068840000000,   1.07200,
,,,0.068842000000,   1.07200,
,,,0.068844000000,   1.07200,
,,,0.068846000000,   1.08000,
,,,0.068848000000,   1.07200,
,,,0.068850000000,   1.07200,
,,,0.068852000000,   1.07200,
,,,0.068854000000,   1.07200,
,,,0.068856000000,   1.07200,
,,,0.068858000000,   1.07200,
,,,0.068860000000,   1.08000,
,,,0.068862000000,   1.07200,
,,,0.068864000000,   1.07200,
,,,0.068866000000,   1.07200,
,,,0.068868000000,   1.07200,
,,,0.068870000000,   1.07200,
,,,0.068872000000,   1.07200,
,,,0.068874000000,   1.07200,
,,,0.068876000000,   1.07200,
,,,0.068878000000,   1.08000,
,,,0.068880000000,   1.07200,
,,,0.068882000000,   1.07200,
,,,0.068884000000,   1.07200,
,,,0.068886000000,   1.08000,
,,,0.068888000000,   1.07200,
,,,0.068890000000,   1.08000,
,,,0.068892000000,   1.08000,
,,,0.068894000000,   1.07200,
,,,0.068896000000,   1.08000,
,,,0.068898000000,   1.07200,
,,,0.068900000000,   1.08000,
,,,0.068902000000,   1.07200,
,,,0.068904000000,   1.07200,
,,,0.068906000000,   1.07200,
,,,0.068908000000,   1.08000,
,,,0.068910000000,   1.07200,
,,,0.068912000000,   1.08000,
,,,0.068914000000,   1.07200,
,,,0.068916000000,   1.08000,
,,,0.068918000000,   1.08000,
,,,0.068920000000,   1.07200,
,,,0.068922000000,   1.07200,
,,,0.068924000000,   1.07200,
,,,0.068926000000,   1.07200,
,,,0.068928000000,   1.08000,
,,,0.068930000000,   1.07200,
,,,0.068932000000,   1.08000,
,,,0.068934000000,   1.07200,
,,,0.068936000000,   1.07200,
,,,0.068938000000,   1.07200,
,,,0.068940000000,   1.07200,
,,,0.068942000000,   1.07200,
,,,0.068944000000,   1.07200,
,,,0.068946000000,   1.07200,
,,,0.068948000000,   1.07200,
,,,0.068950000000,   1.07200,
,,,0.068952000000,   1.07200,
,,,0.068954000000,   1.07200,
,,,0.068956000000,   1.07200,
,,,0.068958000000,   1.07200,
,,,0.068960000000,   1.07200,
,,,0.068962000000,   1.07200,
,,,0.068964000000,   1.07200,
,,,0.068966000000,   1.07200,
,,,0.068968000000,   1.07200,
,,,0.068970000000,   1.07200,
,,,0.068972000000,   1.07200,
,,,0.068974000000,   1.07200,
,,,0.068976000000,   1.07200,
,,,0.068978000000,   1.07200,
,,,0.068980000000,   1.07200,
,,,0.068982000000,   1.07200,
,,,0.068984000000,   1.08000,
,,,0.068986000000,   1.07200,
,,,0.068988000000,   1.07200,
,,,0.068990000000,   1.07200,
,,,0.068992000000,   1.07200,
,,,0.068994000000,   1.07200,
,,,0.068996000000,   1.07200,
,,,0.068998000000,   1.07200,
,,,0.069000000000,   1.07200,
,,,0.069002000000,   1.07200,
,,,0.069004000000,   1.07200,
,,,0.069006000000,   1.07200,
,,,0.069008000000,   1.07200,
,,,0.069010000000,   1.07200,
,,,0.069012000000,   1.07200,
,,,0.069014000000,   1.07200,
,,,0.069016000000,   1.07200,
,,,0.069018000000,   1.07200,
,,,0.069020000000,   1.07200,
,,,0.069022000000,   1.07200,
,,,0.069024000000,   1.08000,
,,,0.069026000000,   1.08000,
,,,0.069028000000,   1.07200,
,,,0.069030000000,   1.07200,
,,,0.069032000000,   1.07200,
,,,0.069034000000,   1.08000,
,,,0.069036000000,   1.07200,
,,,0.069038000000,   1.07200,
,,,0.069040000000,   1.07200,
,,,0.069042000000,   1.07200,
,,,0.069044000000,   1.07200,
,,,0.069046000000,   1.07200,
,,,0.069048000000,   1.07200,
,,,0.069050000000,   1.07200,
,,,0.069052000000,   1.07200,
,,,0.069054000000,   1.07200,
,,,0.069056000000,   1.07200,
,,,0.069058000000,   1.07200,
,,,0.069060000000,   1.07200,
,,,0.069062000000,   1.07200,
,,,0.069064000000,   1.07200,
,,,0.069066000000,   1.07200,
,,,0.069068000000,   1.07200,
,,,0.069070000000,   1.07200,
,,,0.069072000000,   1.07200,
,,,0.069074000000,   1.07200,
,,,0.069076000000,   1.07200,
,,,0.069078000000,   1.07200,
,,,0.069080000000,   1.07200,
,,,0.069082000000,   1.07200,
,,,0.069084000000,   1.07200,
,,,0.069086000000,   1.07200,
,,,0.069088000000,   1.07200,
,,,0.069090000000,   1.07200,
,,,0.069092000000,   1.07200,
,,,0.069094000000,   1.07200,
,,,0.069096000000,   1.07200,
,,,0.069098000000,   1.07200,
,,,0.069100000000,   1.07200,
,,,0.069102000000,   1.07200,
,,,0.069104000000,   1.07200,
,,,0.069106000000,   1.07200,
,,,0.069108000000,   1.07200,
,,,0.069110000000,   1.07200,
,,,0.069112000000,   1.07200,
,,,0.069114000000,   1.07200,
,,,0.069116000000,   1.07200,
,,,0.069118000000,   1.07200,
,,,0.069120000000,   1.07200,
,,,0.069122000000,   1.07200,
,,,0.069124000000,   1.06400,
,,,0.069126000000,   1.07200,
,,,0.069128000000,   1.07200,
,,,0.069130000000,   1.07200,
,,,0.069132000000,   1.07200,
,,,0.069134000000,   1.06400,
,,,0.069136000000,   1.06400,
,,,0.069138000000,   1.06400,
,,,0.069140000000,   1.07200,
,,,0.069142000000,   1.06400,
,,,0.069144000000,   1.06400,
,,,0.069146000000,   1.06400,
,,,0.069148000000,   1.06400,
,,,0.069150000000,   1.06400,
,,,0.069152000000,   1.06400,
,,,0.069154000000,   1.06400,
,,,0.069156000000,   1.06400,
,,,0.069158000000,   1.06400,
,,,0.069160000000,   1.06400,
,,,0.069162000000,   1.05600,
,,,0.069164000000,   1.05600,
,,,0.069166000000,   1.05600,
,,,0.069168000000,   1.05600,
,,,0.069170000000,   1.06400,
,,,0.069172000000,   1.05600,
,,,0.069174000000,   1.05600,
,,,0.069176000000,   1.05600,
,,,0.069178000000,   1.05600,
,,,0.069180000000,   1.05600,
,,,0.069182000000,   1.05600,
,,,0.069184000000,   1.05600,
,,,0.069186000000,   1.05600,
,,,0.069188000000,   1.05600,
,,,0.069190000000,   1.05600,
,,,0.069192000000,   1.04800,
,,,0.069194000000,   1.05600,
,,,0.069196000000,   1.04800,
,,,0.069198000000,   1.04800,
,,,0.069200000000,   1.04800,
,,,0.069202000000,   1.04800,
,,,0.069204000000,   1.04800,
,,,0.069206000000,   1.04800,
,,,0.069208000000,   1.04800,
,,,0.069210000000,   1.04800,
,,,0.069212000000,   1.04800,
,,,0.069214000000,   1.04800,
,,,0.069216000000,   1.04000,
,,,0.069218000000,   1.04800,
,,,0.069220000000,   1.04000,
,,,0.069222000000,   1.04000,
,,,0.069224000000,   1.04000,
,,,0.069226000000,   1.04000,
,,,0.069228000000,   1.04000,
,,,0.069230000000,   1.04000,
,,,0.069232000000,   1.03200,
,,,0.069234000000,   1.03200,
,,,0.069236000000,   1.03200,
,,,0.069238000000,   1.03200,
,,,0.069240000000,   1.02400,
,,,0.069242000000,   1.02400,
,,,0.069244000000,   1.02400,
,,,0.069246000000,   1.02400,
,,,0.069248000000,   1.02400,
,,,0.069250000000,   1.01600,
,,,0.069252000000,   1.01600,
,,,0.069254000000,   1.01600,
,,,0.069256000000,   1.01600,
,,,0.069258000000,   1.00800,
,,,0.069260000000,   1.00800,
,,,0.069262000000,   1.00000,
,,,0.069264000000,   1.00000,
,,,0.069266000000,   1.00000,
,,,0.069268000000,   0.99200,
,,,0.069270000000,   0.99200,
,,,0.069272000000,   0.98400,
,,,0.069274000000,   0.98400,
,,,0.069276000000,   0.97600,
,,,0.069278000000,   0.97600,
,,,0.069280000000,   0.96000,
,,,0.069282000000,   0.96000,
,,,0.069284000000,   0.95200,
,,,0.069286000000,   0.95200,
,,,0.069288000000,   0.94400,
,,,0.069290000000,   0.93600,
,,,0.069292000000,   0.93600,
,,,0.069294000000,   0.92800,
,,,0.069296000000,   0.92000,
,,,0.069298000000,   0.91200,
,,,0.069300000000,   0.90400,
,,,0.069302000000,   0.89600,
,,,0.069304000000,   0.89600,
,,,0.069306000000,   0.88000,
,,,0.069308000000,   0.87200,
,,,0.069310000000,   0.86400,
,,,0.069312000000,   0.85600,
,,,0.069314000000,   0.84800,
,,,0.069316000000,   0.84000,
,,,0.069318000000,   0.83200,
,,,0.069320000000,   0.82400,
,,,0.069322000000,   0.81600,
,,,0.069324000000,   0.80000,
,,,0.069326000000,   0.78400,
,,,0.069328000000,   0.77600,
,,,0.069330000000,   0.76800,
,,,0.069332000000,   0.75200,
,,,0.069334000000,   0.74400,
,,,0.069336000000,   0.72800,
,,,0.069338000000,   0.72000,
,,,0.069340000000,   0.70400,
,,,0.069342000000,   0.69600,
,,,0.069344000000,   0.68800,
,,,0.069346000000,   0.67200,
,,,0.069348000000,   0.65600,
,,,0.069350000000,   0.64800,
,,,0.069352000000,   0.63200,
,,,0.069354000000,   0.62400,
,,,0.069356000000,   0.60800,
,,,0.069358000000,   0.60000,
,,,0.069360000000,   0.59200,
,,,0.069362000000,   0.56800,
,,,0.069364000000,   0.56000,
,,,0.069366000000,   0.54400,
,,,0.069368000000,   0.52800,
,,,0.069370000000,   0.52000,
,,,0.069372000000,   0.51200,
,,,0.069374000000,   0.49600,
,,,0.069376000000,   0.48800,
,,,0.069378000000,   0.47200,
,,,0.069380000000,   0.46400,
,,,0.069382000000,   0.44800,
,,,0.069384000000,   0.44000,
,,,0.069386000000,   0.43200,
,,,0.069388000000,   0.42400,
,,,0.069390000000,   0.41600,
,,,0.069392000000,   0.40000,
,,,0.069394000000,   0.39200,
,,,0.069396000000,   0.37600,
,,,0.069398000000,   0.36800,
,,,0.069400000000,   0.36000,
,,,0.069402000000,   0.35200,
,,,0.069404000000,   0.34400,
,,,0.069406000000,   0.33600,
,,,0.069408000000,   0.32000,
,,,0.069410000000,   0.32000,
,,,0.069412000000,   0.30400,
,,,0.069414000000,   0.30400,
,,,0.069416000000,   0.29600,
,,,0.069418000000,   0.28800,
,,,0.069420000000,   0.27200,
,,,0.069422000000,   0.27200,
,,,0.069424000000,   0.26400,
,,,0.069426000000,   0.24800,
,,,0.069428000000,   0.24000,
,,,0.069430000000,   0.24000,
,,,0.069432000000,   0.23200,
,,,0.069434000000,   0.23200,
,,,0.069436000000,   0.22400,
,,,0.069438000000,   0.21600,
,,,0.069440000000,   0.20800,
,,,0.069442000000,   0.20000,
,,,0.069444000000,   0.20000,
,,,0.069446000000,   0.19200,
,,,0.069448000000,   0.18400,
,,,0.069450000000,   0.18400,
,,,0.069452000000,   0.17600,
,,,0.069454000000,   0.16800,
,,,0.069456000000,   0.16800,
,,,0.069458000000,   0.16000,
,,,0.069460000000,   0.15200,
,,,0.069462000000,   0.15200,
,,,0.069464000000,   0.14400,
,,,0.069466000000,   0.13600,
,,,0.069468000000,   0.13600,
,,,0.069470000000,   0.12800,
,,,0.069472000000,   0.12800,
,,,0.069474000000,   0.12800,
,,,0.069476000000,   0.12000,
,,,0.069478000000,   0.11200,
,,,0.069480000000,   0.10400,
,,,0.069482000000,   0.11200,
,,,0.069484000000,   0.10400,
,,,0.069486000000,   0.10400,
,,,0.069488000000,   0.09600,
,,,0.069490000000,   0.09600,
,,,0.069492000000,   0.08800,
,,,0.069494000000,   0.08800,
,,,0.069496000000,   0.08800,
,,,0.069498000000,   0.08000,
,,,0.069500000000,   0.07200,
,,,0.069502000000,   0.07200,
,,,0.069504000000,   0.07200,
,,,0.069506000000,   0.07200,
,,,0.069508000000,   0.07200,
,,,0.069510000000,   0.06400,
,,,0.069512000000,   0.06400,
,,,0.069514000000,   0.05600,
,,,0.069516000000,   0.05600,
,,,0.069518000000,   0.05600,
,,,0.069520000000,   0.05600,
,,,0.069522000000,   0.04800,
,,,0.069524000000,   0.04800,
,,,0.069526000000,   0.04800,
,,,0.069528000000,   0.04800,
,,,0.069530000000,   0.04000,
,,,0.069532000000,   0.04000,
,,,0.069534000000,   0.04000,
,,,0.069536000000,   0.04000,
,,,0.069538000000,   0.04000,
,,,0.069540000000,   0.04000,
,,,0.069542000000,   0.03200,
,,,0.069544000000,   0.03200,
,,,0.069546000000,   0.03200,
,,,0.069548000000,   0.03200,
,,,0.069550000000,   0.03200,
,,,0.069552000000,   0.02400,
,,,0.069554000000,   0.03200,
,,,0.069556000000,   0.02400,
,,,0.069558000000,   0.02400,
,,,0.069560000000,   0.02400,
,,,0.069562000000,   0.02400,
,,,0.069564000000,   0.02400,
,,,0.069566000000,   0.01600,
,,,0.069568000000,   0.01600,
,,,0.069570000000,   0.02400,
,,,0.069572000000,   0.01600,
,,,0.069574000000,   0.01600,
,,,0.069576000000,   0.01600,
,,,0.069578000000,   0.01600,
,,,0.069580000000,   0.01600,
,,,0.069582000000,   0.01600,
,,,0.069584000000,   0.01600,
,,,0.069586000000,   0.01600,
,,,0.069588000000,   0.01600,
,,,0.069590000000,   0.01600,
,,,0.069592000000,   0.01600,
,,,0.069594000000,   0.00800,
,,,0.069596000000,   0.00800,
,,,0.069598000000,   0.00800,
,,,0.069600000000,   0.01600,
,,,0.069602000000,   0.00800,
,,,0.069604000000,   0.01600,
,,,0.069606000000,   0.00800,
,,,0.069608000000,   0.01600,
,,,0.069610000000,   0.00800,
,,,0.069612000000,   0.00800,
,,,0.069614000000,   0.00800,
,,,0.069616000000,   0.00800,
,,,0.069618000000,   0.00800,
,,,0.069620000000,   0.00800,
,,,0.069622000000,   0.00800,
,,,0.069624000000,   0.00800,
,,,0.069626000000,   0.00800,
,,,0.069628000000,   0.00800,
,,,0.069630000000,   0.00800,
,,,0.069632000000,   0.00800,
,,,0.069634000000,   0.00800,
,,,0.069636000000,   0.00800,
,,,0.069638000000,   0.00800,
,,,0.069640000000,   0.00800,
,,,0.069642000000,   0.00800,
,,,0.069644000000,   0.00000,
,,,0.069646000000,   0.00000,
,,,0.069648000000,   0.00000,
,,,0.069650000000,   0.00800,
,,,0.069652000000,   0.00800,
,,,0.069654000000,   0.00000,
,,,0.069656000000,   0.00000,
,,,0.069658000000,   0.00000,
,,,0.069660000000,   0.00000,
,,,0.069662000000,   0.00000,
,,,0.069664000000,   0.00000,
,,,0.069666000000,   0.00000,
,,,0.069668000000,   0.00800,
,,,0.069670000000,   0.00000,
,,,0.069672000000,   0.00000,
,,,0.069674000000,   0.00000,
,,,0.069676000000,   0.00000,
,,,0.069678000000,   0.00000,
,,,0.069680000000,   0.00000,
,,,0.069682000000,   0.00000,
,,,0.069684000000,   0.00000,
,,,0.069686000000,   0.00000,
,,,0.069688000000,   0.00000,
,,,0.069690000000,   0.00000,
,,,0.069692000000,   0.00000,
,,,0.069694000000,   0.00000,
,,,0.069696000000,   0.00000,
,,,0.069698000000,   0.00000,
,,,0.069700000000,   0.00000,
,,,0.069702000000,   0.00000,
,,,0.069704000000,   0.00000,
,,,0.069706000000,   0.00000,
,,,0.069708000000,   0.00000,
,,,0.069710000000,   0.00000,
,,,0.069712000000,   0.00000,
,,,0.069714000000,   0.00000,
,,,0.069716000000,   0.00000,
,,,0.069718000000,   0.00000,
,,,0.069720000000,   0.00000,
,,,0.069722000000,   0.00000,
,,,0.069724000000,   0.00000,
,,,0.069726000000,   0.00000,
,,,0.069728000000,   0.00000,
,,,0.069730000000,   0.00000,
,,,0.069732000000,   0.00000,
,,,0.069734000000,   0.00000,
,,,0.069736000000,   0.00000,
,,,0.069738000000,   0.00000,
,,,0.069740000000,   0.00000,
,,,0.069742000000,   0.00000,
,,,0.069744000000,   0.00000,
,,,0.069746000000,   0.00000,
,,,0.069748000000,   0.00000,
,,,0.069750000000,   0.00000,
,,,0.069752000000,   0.00000,
,,,0.069754000000,   0.00000,
,,,0.069756000000,   0.00000,
,,,0.069758000000,   0.00000,
,,,0.069760000000,   0.00000,
,,,0.069762000000,   0.00000,
,,,0.069764000000,   0.00000,
,,,0.069766000000,   0.00000,
,,,0.069768000000,   0.00000,
,,,0.069770000000,   0.00000,
,,,0.069772000000,   0.00000,
,,,0.069774000000,   0.00000,
,,,0.069776000000,   0.00000,
,,,0.069778000000,   0.00000,
,,,0.069780000000,  -0.00800,
,,,0.069782000000,   0.00000,
,,,0.069784000000,   0.00000,
,,,0.069786000000,   0.00000,
,,,0.069788000000,   0.00000,
,,,0.069790000000,   0.00000,
,,,0.069792000000,   0.00000,
,,,0.069794000000,   0.00000,
,,,0.069796000000,   0.00000,
,,,0.069798000000,   0.00000,
,,,0.069800000000,   0.00000,
,,,0.069802000000,   0.00000,
,,,0.069804000000,   0.00000,
,,,0.069806000000,   0.00000,
,,,0.069808000000,   0.00000,
,,,0.069810000000,   0.00000,
,,,0.069812000000,   0.00000,
,,,0.069814000000,   0.00000,
,,,0.069816000000,   0.00000,
,,,0.069818000000,   0.00000,
,,,0.069820000000,   0.00000,
,,,0.069822000000,   0.00000,
,,,0.069824000000,   0.00000,
,,,0.069826000000,   0.00000,
,,,0.069828000000,   0.00000,
,,,0.069830000000,   0.00000,
,,,0.069832000000,   0.00000,
,,,0.069834000000,   0.00000,
,,,0.069836000000,   0.00000,
,,,0.069838000000,  -0.00800,
,,,0.069840000000,   0.00000,
,,,0.069842000000,   0.00000,
,,,0.069844000000,   0.00000,
,,,0.069846000000,   0.00000,
,,,0.069848000000,   0.00000,
,,,0.069850000000,   0.00000,
,,,0.069852000000,   0.00000,
,,,0.069854000000,   0.00000,
,,,0.069856000000,   0.00000,
,,,0.069858000000,   0.00000,
,,,0.069860000000,   0.00000,
,,,0.069862000000,   0.00000,
,,,0.069864000000,   0.00000,
,,,0.069866000000,   0.00000,
,,,0.069868000000,   0.00000,
,,,0.069870000000,   0.00000,
,,,0.069872000000,  -0.00800,
,,,0.069874000000,   0.00000,
,,,0.069876000000,   0.00000,
,,,0.069878000000,   0.00000,
,,,0.069880000000,   0.00000,
,,,0.069882000000,  -0.00800,
,,,0.069884000000,   0.00000,
,,,0.069886000000,   0.00000,
,,,0.069888000000,   0.00000,
,,,0.069890000000,   0.00000,
,,,0.069892000000,   0.00000,
,,,0.069894000000,   0.00000,
,,,0.069896000000,   0.00000,
,,,0.069898000000,   0.00000,
,,,0.069900000000,   0.00000,
,,,0.069902000000,   0.00000,
,,,0.069904000000,   0.00000,
,,,0.069906000000,   0.00000,
,,,0.069908000000,   0.00000,
,,,0.069910000000,   0.00000,
,,,0.069912000000,   0.00000,
,,,0.069914000000,   0.00000,
,,,0.069916000000,  -0.00800,
,,,0.069918000000,   0.00000,
,,,0.069920000000,   0.00000,
,,,0.069922000000,   0.00000,
,,,0.069924000000,   0.00000,
,,,0.069926000000,   0.00000,
,,,0.069928000000,   0.00000,
,,,0.069930000000,   0.00000,
,,,0.069932000000,   0.00000,
,,,0.069934000000,   0.00000,
,,,0.069936000000,   0.00000,
,,,0.069938000000,   0.00000,
,,,0.069940000000,   0.00000,
,,,0.069942000000,   0.00000,
,,,0.069944000000,   0.00000,
,,,0.069946000000,   0.00000,
,,,0.069948000000,   0.00000,
,,,0.069950000000,   0.00000,
,,,0.069952000000,   0.00000,
,,,0.069954000000,   0.00000,
,,,0.069956000000,   0.00000,
,,,0.069958000000,   0.00000,
,,,0.069960000000,   0.00000,
,,,0.069962000000,   0.00000,
,,,0.069964000000,   0.00000,
,,,0.069966000000,   0.00000,
,,,0.069968000000,   0.00000,
,,,0.069970000000,   0.00000,
,,,0.069972000000,   0.00000,
,,,0.069974000000,   0.00000,
,,,0.069976000000,   0.00000,
,,,0.069978000000,   0.00000,
,,,0.069980000000,   0.00000,
,,,0.069982000000,  -0.00800,
,,,0.069984000000,   0.00000,
,,,0.069986000000,   0.00000,
,,,0.069988000000,   0.00000,
,,,0.069990000000,   0.00000,
,,,0.069992000000,   0.00000,
,,,0.069994000000,   0.00000,
,,,0.069996000000,   0.00000,
,,,0.069998000000,   0.00000,
,,,0.070000000000,   0.00000,
,,,0.070002000000,   0.00000,
,,,0.070004000000,   0.00000,
,,,0.070006000000,   0.00000,
,,,0.070008000000,   0.00000,
,,,0.070010000000,   0.00000,
,,,0.070012000000,   0.00000,
,,,0.070014000000,   0.00000,
,,,0.070016000000,   0.00000,
,,,0.070018000000,   0.00000,
,,,0.070020000000,   0.00000,
,,,0.070022000000,   0.00000,
,,,0.070024000000,   0.00000,
,,,0.070026000000,   0.00000,
,,,0.070028000000,   0.00000,
,,,0.070030000000,   0.00000,
,,,0.070032000000,   0.00000,
,,,0.070034000000,   0.00000,
,,,0.070036000000,   0.00000,
,,,0.070038000000,   0.00000,
,,,0.070040000000,   0.00000,
,,,0.070042000000,   0.00000,
,,,0.070044000000,   0.00800,
,,,0.070046000000,   0.00000,
,,,0.070048000000,   0.00000,
,,,0.070050000000,   0.00000,
,,,0.070052000000,   0.00000,
,,,0.070054000000,   0.00000,
,,,0.070056000000,   0.00000,
,,,0.070058000000,   0.00000,
,,,0.070060000000,   0.00000,
,,,0.070062000000,   0.00800,
,,,0.070064000000,   0.00000,
,,,0.070066000000,   0.00000,
,,,0.070068000000,   0.00800,
,,,0.070070000000,   0.00000,
,,,0.070072000000,   0.00000,
,,,0.070074000000,   0.00000,
,,,0.070076000000,   0.00000,
,,,0.070078000000,   0.00000,
,,,0.070080000000,   0.00000,
,,,0.070082000000,   0.00800,
,,,0.070084000000,   0.00800,
,,,0.070086000000,   0.00000,
,,,0.070088000000,   0.00000,
,,,0.070090000000,   0.00000,
,,,0.070092000000,   0.00000,
,,,0.070094000000,   0.00000,
,,,0.070096000000,   0.00800,
,,,0.070098000000,   0.00800,
,,,0.070100000000,   0.00000,
,,,0.070102000000,   0.00800,
,,,0.070104000000,   0.00800,
,,,0.070106000000,   0.00000,
,,,0.070108000000,   0.00800,
,,,0.070110000000,   0.00800,
,,,0.070112000000,   0.00000,
,,,0.070114000000,   0.00800,
,,,0.070116000000,   0.00000,
,,,0.070118000000,   0.00800,
,,,0.070120000000,   0.00800,
,,,0.070122000000,   0.00800,
,,,0.070124000000,   0.00800,
,,,0.070126000000,   0.00800,
,,,0.070128000000,   0.00800,
,,,0.070130000000,   0.00800,
,,,0.070132000000,   0.00800,
,,,0.070134000000,   0.00800,
,,,0.070136000000,   0.00800,
,,,0.070138000000,   0.01600,
,,,0.070140000000,   0.00800,
,,,0.070142000000,   0.00800,
,,,0.070144000000,   0.01600,
,,,0.070146000000,   0.00800,
,,,0.070148000000,   0.01600,
,,,0.070150000000,   0.00800,
,,,0.070152000000,   0.00800,
,,,0.070154000000,   0.01600,
,,,0.070156000000,   0.00800,
,,,0.070158000000,   0.00800,
,,,0.070160000000,   0.01600,
,,,0.070162000000,   0.00800,
,,,0.070164000000,   0.01600,
,,,0.070166000000,   0.01600,
,,,0.070168000000,   0.01600,
,,,0.070170000000,   0.01600,
,,,0.070172000000,   0.01600,
,,,0.070174000000,   0.01600,
,,,0.070176000000,   0.01600,
,,,0.070178000000,   0.01600,
,,,0.070180000000,   0.01600,
,,,0.070182000000,   0.01600,
,,,0.070184000000,   0.01600,
,,,0.070186000000,   0.02400,
,,,0.070188000000,   0.01600,
,,,0.070190000000,   0.01600,
,,,0.070192000000,   0.02400,
,,,0.070194000000,   0.01600,
,,,0.070196000000,   0.01600,
,,,0.070198000000,   0.02400,
,,,0.070200000000,   0.02400,
,,,0.070202000000,   0.01600,
,,,0.070204000000,   0.02400,
,,,0.070206000000,   0.02400,
,,,0.070208000000,   0.02400,
,,,0.070210000000,   0.02400,
,,,0.070212000000,   0.02400,
,,,0.070214000000,   0.02400,
,,,0.070216000000,   0.02400,
,,,0.070218000000,   0.02400,
,,,0.070220000000,   0.02400,
,,,0.070222000000,   0.03200,
,,,0.070224000000,   0.03200,
,,,0.070226000000,   0.03200,
,,,0.070228000000,   0.03200,
,,,0.070230000000,   0.03200,
,,,0.070232000000,   0.03200,
,,,0.070234000000,   0.04000,
,,,0.070236000000,   0.03200,
,,,0.070238000000,   0.04000,
,,,0.070240000000,   0.04000,
,,,0.070242000000,   0.04000,
,,,0.070244000000,   0.04000,
,,,0.070246000000,   0.04000,
,,,0.070248000000,   0.04800,
,,,0.070250000000,   0.04800,
,,,0.070252000000,   0.04800,
,,,0.070254000000,   0.05600,
,,,0.070256000000,   0.04800,
,,,0.070258000000,   0.05600,
,,,0.070260000000,   0.05600,
,,,0.070262000000,   0.05600,
,,,0.070264000000,   0.06400,
,,,0.070266000000,   0.06400,
,,,0.070268000000,   0.06400,
,,,0.070270000000,   0.06400,
,,,0.070272000000,   0.07200,
,,,0.070274000000,   0.07200,
,,,0.070276000000,   0.08000,
,,,0.070278000000,   0.08000,
,,,0.070280000000,   0.08800,
,,,0.070282000000,   0.09600,
,,,0.070284000000,   0.09600,
,,,0.070286000000,   0.10400,
,,,0.070288000000,   0.10400,
,,,0.070290000000,   0.10400,
,,,0.070292000000,   0.11200,
,,,0.070294000000,   0.12000,
,,,0.070296000000,   0.12000,
,,,0.070298000000,   0.12800,
,,,0.070300000000,   0.13600,
,,,0.070302000000,   0.14400,
,,,0.070304000000,   0.14400,
,,,0.070306000000,   0.15200,
,,,0.070308000000,   0.16000,
,,,0.070310000000,   0.16800,
,,,0.070312000000,   0.17600,
,,,0.070314000000,   0.18400,
,,,0.070316000000,   0.19200,
,,,0.070318000000,   0.20000,
,,,0.070320000000,   0.20800,
,,,0.070322000000,   0.21600,
,,,0.070324000000,   0.22400,
,,,0.070326000000,   0.24000,
,,,0.070328000000,   0.24000,
,,,0.070330000000,   0.25600,
,,,0.070332000000,   0.26400,
,,,0.070334000000,   0.27200,
,,,0.070336000000,   0.28800,
,,,0.070338000000,   0.29600,
,,,0.070340000000,   0.30400,
,,,0.070342000000,   0.31200,
,,,0.070344000000,   0.32000,
,,,0.070346000000,   0.34400,
,,,0.070348000000,   0.35200,
,,,0.070350000000,   0.36000,
,,,0.070352000000,   0.37600,
,,,0.070354000000,   0.38400,
,,,0.070356000000,   0.40000,
,,,0.070358000000,   0.40800,
,,,0.070360000000,   0.41600,
,,,0.070362000000,   0.43200,
,,,0.070364000000,   0.44000,
,,,0.070366000000,   0.45600,
,,,0.070368000000,   0.47200,
,,,0.070370000000,   0.48000,
,,,0.070372000000,   0.48800,
,,,0.070374000000,   0.50400,
,,,0.070376000000,   0.52000,
,,,0.070378000000,   0.52800,
,,,0.070380000000,   0.53600,
,,,0.070382000000,   0.55200,
,,,0.070384000000,   0.56000,
,,,0.070386000000,   0.57600,
,,,0.070388000000,   0.58400,
,,,0.070390000000,   0.60000,
,,,0.070392000000,   0.60800,
,,,0.070394000000,   0.61600,
,,,0.070396000000,   0.63200,
,,,0.070398000000,   0.64000,
,,,0.070400000000,   0.65600,
,,,0.070402000000,   0.66400,
,,,0.070404000000,   0.68000,
,,,0.070406000000,   0.68800,
,,,0.070408000000,   0.69600,
,,,0.070410000000,   0.70400,
,,,0.070412000000,   0.71200,
,,,0.070414000000,   0.72000,
,,,0.070416000000,   0.72800,
,,,0.070418000000,   0.74400,
,,,0.070420000000,   0.74400,
,,,0.070422000000,   0.76000,
,,,0.070424000000,   0.76800,
,,,0.070426000000,   0.76800,
,,,0.070428000000,   0.77600,
,,,0.070430000000,   0.78400,
,,,0.070432000000,   0.79200,
,,,0.070434000000,   0.80800,
,,,0.070436000000,   0.80800,
,,,0.070438000000,   0.82400,
,,,0.070440000000,   0.82400,
,,,0.070442000000,   0.83200,
,,,0.070444000000,   0.84000,
,,,0.070446000000,   0.84800,
,,,0.070448000000,   0.84800,
,,,0.070450000000,   0.85600,
,,,0.070452000000,   0.86400,
,,,0.070454000000,   0.87200,
,,,0.070456000000,   0.87200,
,,,0.070458000000,   0.88000,
,,,0.070460000000,   0.88800,
,,,0.070462000000,   0.88800,
,,,0.070464000000,   0.89600,
,,,0.070466000000,   0.90400,
,,,0.070468000000,   0.90400,
,,,0.070470000000,   0.91200,
,,,0.070472000000,   0.92000,
,,,0.070474000000,   0.92000,
,,,0.070476000000,   0.92800,
,,,0.070478000000,   0.92800,
,,,0.070480000000,   0.93600,
,,,0.070482000000,   0.93600,
,,,0.070484000000,   0.94400,
,,,0.070486000000,   0.95200,
,,,0.070488000000,   0.95200,
,,,0.070490000000,   0.96000,
,,,0.070492000000,   0.96000,
,,,0.070494000000,   0.96800,
,,,0.070496000000,   0.96800,
,,,0.070498000000,   0.97600,
,,,0.070500000000,   0.97600,
,,,0.070502000000,   0.98400,
,,,0.070504000000,   0.98400,
,,,0.070506000000,   0.99200,
,,,0.070508000000,   0.99200,
,,,0.070510000000,   0.99200,
,,,0.070512000000,   0.99200,
,,,0.070514000000,   1.00000,
,,,0.070516000000,   1.00000,
,,,0.070518000000,   1.00800,
,,,0.070520000000,   1.00800,
,,,0.070522000000,   1.00800,
,,,0.070524000000,   1.01600,
,,,0.070526000000,   1.01600,
,,,0.070528000000,   1.01600,
,,,0.070530000000,   1.01600,
,,,0.070532000000,   1.02400,
,,,0.070534000000,   1.02400,
,,,0.070536000000,   1.02400,
,,,0.070538000000,   1.02400,
,,,0.070540000000,   1.03200,
,,,0.070542000000,   1.03200,
,,,0.070544000000,   1.03200,
,,,0.070546000000,   1.04000,
,,,0.070548000000,   1.04000,
,,,0.070550000000,   1.04000,
,,,0.070552000000,   1.04000,
,,,0.070554000000,   1.04000,
,,,0.070556000000,   1.04000,
,,,0.070558000000,   1.04800,
,,,0.070560000000,   1.04800,
,,,0.070562000000,   1.04800,
,,,0.070564000000,   1.04800,
,,,0.070566000000,   1.05600,
,,,0.070568000000,   1.04800,
,,,0.070570000000,   1.04800,
,,,0.070572000000,   1.05600,
,,,0.070574000000,   1.04800,
,,,0.070576000000,   1.05600,
,,,0.070578000000,   1.05600,
,,,0.070580000000,   1.05600,
,,,0.070582000000,   1.05600,
,,,0.070584000000,   1.05600,
,,,0.070586000000,   1.05600,
,,,0.070588000000,   1.05600,
,,,0.070590000000,   1.06400,
,,,0.070592000000,   1.06400,
,,,0.070594000000,   1.06400,
,,,0.070596000000,   1.06400,
,,,0.070598000000,   1.06400,
,,,0.070600000000,   1.06400,
,,,0.070602000000,   1.06400,
,,,0.070604000000,   1.06400,
,,,0.070606000000,   1.06400,
,,,0.070608000000,   1.06400,
,,,0.070610000000,   1.06400,
,,,0.070612000000,   1.06400,
,,,0.070614000000,   1.06400,
,,,0.070616000000,   1.07200,
,,,0.070618000000,   1.07200,
,,,0.070620000000,   1.06400,
,,,0.070622000000,   1.07200,
,,,0.070624000000,   1.07200,
,,,0.070626000000,   1.06400,
,,,0.070628000000,   1.07200,
,,,0.070630000000,   1.07200,
,,,0.070632000000,   1.07200,
,,,0.070634000000,   1.07200,
,,,0.070636000000,   1.06400,
,,,0.070638000000,   1.07200,
,,,0.070640000000,   1.07200,
,,,0.070642000000,   1.07200,
,,,0.070644000000,   1.07200,
,,,0.070646000000,   1.07200,
,,,0.070648000000,   1.07200,
,,,0.070650000000,   1.07200,
,,,0.070652000000,   1.07200,
,,,0.070654000000,   1.07200,
,,,0.070656000000,   1.07200,
,,,0.070658000000,   1.07200,
,,,0.070660000000,   1.07200,
,,,0.070662000000,   1.07200,
,,,0.070664000000,   1.07200,
,,,0.070666000000,   1.07200,
,,,0.070668000000,   1.07200,
,,,0.070670000000,   1.07200,
,,,0.070672000000,   1.07200,
,,,0.070674000000,   1.07200,
,,,0.070676000000,   1.07200,
,,,0.070678000000,   1.07200,
,,,0.070680000000,   1.07200,
,,,0.070682000000,   1.07200,
,,,0.070684000000,   1.07200,
,,,0.070686000000,   1.07200,
,,,0.070688000000,   1.07200,
,,,0.070690000000,   1.07200,
,,,0.070692000000,   1.07200,
,,,0.070694000000,   1.07200,
,,,0.070696000000,   1.07200,
,,,0.070698000000,   1.07200,
,,,0.070700000000,   1.07200,
,,,0.070702000000,   1.07200,
,,,0.070704000000,   1.07200,
,,,0.070706000000,   1.07200,
,,,0.070708000000,   1.07200,
,,,0.070710000000,   1.07200,
,,,0.070712000000,   1.07200,
,,,0.070714000000,   1.07200,
,,,0.070716000000,   1.07200,
,,,0.070718000000,   1.07200,
,,,0.070720000000,   1.07200,
,,,0.070722000000,   1.07200,
,,,0.070724000000,   1.07200,
,,,0.070726000000,   1.07200,
,,,0.070728000000,   1.07200,
,,,0.070730000000,   1.07200,
,,,0.070732000000,   1.07200,
,,,0.070734000000,   1.07200,
,,,0.070736000000,   1.07200,
,,,0.070738000000,   1.08000,
,,,0.070740000000,   1.07200,
,,,0.070742000000,   1.07200,
,,,0.070744000000,   1.08000,
,,,0.070746000000,   1.07200,
,,,0.070748000000,   1.08000,
,,,0.070750000000,   1.08000,
,,,0.070752000000,   1.07200,
,,,0.070754000000,   1.08000,
,,,0.070756000000,   1.08000,
,,,0.070758000000,   1.07200,
,,,0.070760000000,   1.07200,
,,,0.070762000000,   1.07200,
,,,0.070764000000,   1.07200,
,,,0.070766000000,   1.07200,
,,,0.070768000000,   1.07200,
,,,0.070770000000,   1.07200,
,,,0.070772000000,   1.08000,
,,,0.070774000000,   1.07200,
,,,0.070776000000,   1.08000,
,,,0.070778000000,   1.07200,
,,,0.070780000000,   1.08000,
,,,0.070782000000,   1.07200,
,,,0.070784000000,   1.07200,
,,,0.070786000000,   1.07200,
,,,0.070788000000,   1.07200,
,,,0.070790000000,   1.07200,
,,,0.070792000000,   1.07200,
,,,0.070794000000,   1.08000,
,,,0.070796000000,   1.07200,
,,,0.070798000000,   1.07200,
,,,0.070800000000,   1.07200,
,,,0.070802000000,   1.07200,
,,,0.070804000000,   1.08000,
,,,0.070806000000,   1.07200,
,,,0.070808000000,   1.08000,
,,,0.070810000000,   1.07200,
,,,0.070812000000,   1.07200,
,,,0.070814000000,   1.07200,
,,,0.070816000000,   1.07200,
,,,0.070818000000,   1.07200,
,,,0.070820000000,   1.07200,
,,,0.070822000000,   1.07200,
,,,0.070824000000,   1.07200,
,,,0.070826000000,   1.07200,
,,,0.070828000000,   1.07200,
,,,0.070830000000,   1.07200,
,,,0.070832000000,   1.07200,
,,,0.070834000000,   1.07200,
,,,0.070836000000,   1.08000,
,,,0.070838000000,   1.07200,
,,,0.070840000000,   1.07200,
,,,0.070842000000,   1.08000,
,,,0.070844000000,   1.07200,
,,,0.070846000000,   1.08000,
,,,0.070848000000,   1.07200,
,,,0.070850000000,   1.07200,
,,,0.070852000000,   1.08000,
,,,0.070854000000,   1.07200,
,,,0.070856000000,   1.07200,
,,,0.070858000000,   1.07200,
,,,0.070860000000,   1.07200,
,,,0.070862000000,   1.07200,
,,,0.070864000000,   1.08000,
,,,0.070866000000,   1.07200,
,,,0.070868000000,   1.07200,
,,,0.070870000000,   1.07200,
,,,0.070872000000,   1.07200,
,,,0.070874000000,   1.07200,
,,,0.070876000000,   1.08000,
,,,0.070878000000,   1.07200,
,,,0.070880000000,   1.07200,
,,,0.070882000000,   1.07200,
,,,0.070884000000,   1.07200,
,,,0.070886000000,   1.08000,
,,,0.070888000000,   1.07200,
,,,0.070890000000,   1.08000,
,,,0.070892000000,   1.08000,
,,,0.070894000000,   1.07200,
,,,0.070896000000,   1.08000,
,,,0.070898000000,   1.07200,
,,,0.070900000000,   1.07200,
,,,0.070902000000,   1.07200,
,,,0.070904000000,   1.07200,
,,,0.070906000000,   1.08000,
,,,0.070908000000,   1.07200,
,,,0.070910000000,   1.07200,
,,,0.070912000000,   1.07200,
,,,0.070914000000,   1.08000,
,,,0.070916000000,   1.07200,
,,,0.070918000000,   1.07200,
,,,0.070920000000,   1.07200,
,,,0.070922000000,   1.07200,
,,,0.070924000000,   1.07200,
,,,0.070926000000,   1.07200,
,,,0.070928000000,   1.07200,
,,,0.070930000000,   1.07200,
,,,0.070932000000,   1.07200,
,,,0.070934000000,   1.07200,
,,,0.070936000000,   1.07200,
,,,0.070938000000,   1.08000,
,,,0.070940000000,   1.07200,
,,,0.070942000000,   1.07200,
,,,0.070944000000,   1.08000,
,,,0.070946000000,   1.07200,
,,,0.070948000000,   1.07200,
,,,0.070950000000,   1.07200,
,,,0.070952000000,   1.07200,
,,,0.070954000000,   1.07200,
,,,0.070956000000,   1.08000,
,,,0.070958000000,   1.07200,
,,,0.070960000000,   1.07200,
,,,0.070962000000,   1.07200,
,,,0.070964000000,   1.07200,
,,,0.070966000000,   1.08000,
,,,0.070968000000,   1.07200,
,,,0.070970000000,   1.07200,
,,,0.070972000000,   1.07200,
,,,0.070974000000,   1.08000,
,,,0.070976000000,   1.08000,
,,,0.070978000000,   1.07200,
,,,0.070980000000,   1.07200,
,,,0.070982000000,   1.07200,
,,,0.070984000000,   1.07200,
,,,0.070986000000,   1.07200,
,,,0.070988000000,   1.07200,
,,,0.070990000000,   1.07200,
,,,0.070992000000,   1.07200,
,,,0.070994000000,   1.08000,
,,,0.070996000000,   1.07200,
,,,0.070998000000,   1.07200,
,,,0.071000000000,   1.07200,
,,,0.071002000000,   1.08000,
,,,0.071004000000,   1.08000,
,,,0.071006000000,   1.07200,
,,,0.071008000000,   1.07200,
,,,0.071010000000,   1.07200,
,,,0.071012000000,   1.07200,
,,,0.071014000000,   1.08000,
,,,0.071016000000,   1.08000,
,,,0.071018000000,   1.07200,
,,,0.071020000000,   1.08000,
,,,0.071022000000,   1.08000,
,,,0.071024000000,   1.08000,
,,,0.071026000000,   1.07200,
,,,0.071028000000,   1.07200,
,,,0.071030000000,   1.07200,
,,,0.071032000000,   1.07200,
,,,0.071034000000,   1.07200,
,,,0.071036000000,   1.07200,
,,,0.071038000000,   1.07200,
,,,0.071040000000,   1.07200,
,,,0.071042000000,   1.07200,
,,,0.071044000000,   1.07200,
,,,0.071046000000,   1.07200,
,,,0.071048000000,   1.07200,
,,,0.071050000000,   1.07200,
,,,0.071052000000,   1.07200,
,,,0.071054000000,   1.07200,
,,,0.071056000000,   1.07200,
,,,0.071058000000,   1.07200,
,,,0.071060000000,   1.07200,
,,,0.071062000000,   1.07200,
,,,0.071064000000,   1.07200,
,,,0.071066000000,   1.07200,
,,,0.071068000000,   1.07200,
,,,0.071070000000,   1.07200,
,,,0.071072000000,   1.07200,
,,,0.071074000000,   1.07200,
,,,0.071076000000,   1.07200,
,,,0.071078000000,   1.07200,
,,,0.071080000000,   1.07200,
,,,0.071082000000,   1.07200,
,,,0.071084000000,   1.07200,
,,,0.071086000000,   1.07200,
,,,0.071088000000,   1.07200,
,,,0.071090000000,   1.07200,
,,,0.071092000000,   1.07200,
,,,0.071094000000,   1.07200,
,,,0.071096000000,   1.07200,
,,,0.071098000000,   1.07200,
,,,0.071100000000,   1.07200,
,,,0.071102000000,   1.07200,
,,,0.071104000000,   1.07200,
,,,0.071106000000,   1.07200,
,,,0.071108000000,   1.07200,
,,,0.071110000000,   1.07200,
,,,0.071112000000,   1.07200,
,,,0.071114000000,   1.07200,
,,,0.071116000000,   1.07200,
,,,0.071118000000,   1.07200,
,,,0.071120000000,   1.07200,
,,,0.071122000000,   1.07200,
,,,0.071124000000,   1.07200,
,,,0.071126000000,   1.07200,
,,,0.071128000000,   1.07200,
,,,0.071130000000,   1.07200,
,,,0.071132000000,   1.07200,
,,,0.071134000000,   1.07200,
,,,0.071136000000,   1.06400,
,,,0.071138000000,   1.07200,
,,,0.071140000000,   1.07200,
,,,0.071142000000,   1.07200,
,,,0.071144000000,   1.07200,
,,,0.071146000000,   1.06400,
,,,0.071148000000,   1.06400,
,,,0.071150000000,   1.06400,
,,,0.071152000000,   1.07200,
,,,0.071154000000,   1.07200,
,,,0.071156000000,   1.06400,
,,,0.071158000000,   1.06400,
,,,0.071160000000,   1.06400,
,,,0.071162000000,   1.06400,
,,,0.071164000000,   1.06400,
,,,0.071166000000,   1.06400,
,,,0.071168000000,   1.06400,
,,,0.071170000000,   1.06400,
,,,0.071172000000,   1.06400,
,,,0.071174000000,   1.06400,
,,,0.071176000000,   1.06400,
,,,0.071178000000,   1.06400,
,,,0.071180000000,   1.06400,
,,,0.071182000000,   1.05600,
,,,0.071184000000,   1.06400,
,,,0.071186000000,   1.06400,
,,,0.071188000000,   1.05600,
,,,0.071190000000,   1.05600,
,,,0.071192000000,   1.05600,
,,,0.071194000000,   1.06400,
,,,0.071196000000,   1.05600,
,,,0.071198000000,   1.05600,
,,,0.071200000000,   1.05600,
,,,0.071202000000,   1.05600,
,,,0.071204000000,   1.05600,
,,,0.071206000000,   1.05600,
,,,0.071208000000,   1.05600,
,,,0.071210000000,   1.05600,
,,,0.071212000000,   1.05600,
,,,0.071214000000,   1.04800,
,,,0.071216000000,   1.05600,
,,,0.071218000000,   1.04800,
,,,0.071220000000,   1.04800,
,,,0.071222000000,   1.04800,
,,,0.071224000000,   1.04800,
,,,0.071226000000,   1.04800,
,,,0.071228000000,   1.04800,
,,,0.071230000000,   1.04800,
,,,0.071232000000,   1.04800,
,,,0.071234000000,   1.04800,
,,,0.071236000000,   1.04800,
,,,0.071238000000,   1.04800,
,,,0.071240000000,   1.04000,
,,,0.071242000000,   1.04000,
,,,0.071244000000,   1.04000,
,,,0.071246000000,   1.04000,
,,,0.071248000000,   1.04000,
,,,0.071250000000,   1.04000,
,,,0.071252000000,   1.04000,
,,,0.071254000000,   1.03200,
,,,0.071256000000,   1.03200,
,,,0.071258000000,   1.03200,
,,,0.071260000000,   1.02400,
,,,0.071262000000,   1.02400,
,,,0.071264000000,   1.01600,
,,,0.071266000000,   1.01600,
,,,0.071268000000,   1.01600,
,,,0.071270000000,   1.01600,
,,,0.071272000000,   1.01600,
,,,0.071274000000,   1.00800,
,,,0.071276000000,   1.00800,
,,,0.071278000000,   1.00800,
,,,0.071280000000,   1.00000,
,,,0.071282000000,   1.00000,
,,,0.071284000000,   0.99200,
,,,0.071286000000,   0.99200,
,,,0.071288000000,   0.99200,
,,,0.071290000000,   0.99200,
,,,0.071292000000,   0.98400,
,,,0.071294000000,   0.97600,
,,,0.071296000000,   0.97600,
,,,0.071298000000,   0.96800,
,,,0.071300000000,   0.96000,
,,,0.071302000000,   0.96000,
,,,0.071304000000,   0.95200,
,,,0.071306000000,   0.94400,
,,,0.071308000000,   0.93600,
,,,0.071310000000,   0.93600,
,,,0.071312000000,   0.92800,
,,,0.071314000000,   0.92000,
,,,0.071316000000,   0.92000,
,,,0.071318000000,   0.90400,
,,,0.071320000000,   0.90400,
,,,0.071322000000,   0.88800,
,,,0.071324000000,   0.88000,
,,,0.071326000000,   0.88000,
,,,0.071328000000,   0.86400,
,,,0.071330000000,   0.85600,
,,,0.071332000000,   0.84800,
,,,0.071334000000,   0.84000,
,,,0.071336000000,   0.82400,
,,,0.071338000000,   0.82400,
,,,0.071340000000,   0.80800,
,,,0.071342000000,   0.80000,
,,,0.071344000000,   0.78400,
,,,0.071346000000,   0.77600,
,,,0.071348000000,   0.76800,
,,,0.071350000000,   0.75200,
,,,0.071352000000,   0.74400,
,,,0.071354000000,   0.72800,
,,,0.071356000000,   0.72000,
,,,0.071358000000,   0.71200,
,,,0.071360000000,   0.69600,
,,,0.071362000000,   0.68800,
,,,0.071364000000,   0.67200,
,,,0.071366000000,   0.65600,
,,,0.071368000000,   0.64800,
,,,0.071370000000,   0.63200,
,,,0.071372000000,   0.62400,
,,,0.071374000000,   0.60800,
,,,0.071376000000,   0.59200,
,,,0.071378000000,   0.58400,
,,,0.071380000000,   0.56800,
,,,0.071382000000,   0.55200,
,,,0.071384000000,   0.54400,
,,,0.071386000000,   0.53600,
,,,0.071388000000,   0.52000,
,,,0.071390000000,   0.51200,
,,,0.071392000000,   0.49600,
,,,0.071394000000,   0.48800,
,,,0.071396000000,   0.47200,
,,,0.071398000000,   0.46400,
,,,0.071400000000,   0.44800,
,,,0.071402000000,   0.44000,
,,,0.071404000000,   0.42400,
,,,0.071406000000,   0.41600,
,,,0.071408000000,   0.40800,
,,,0.071410000000,   0.40000,
,,,0.071412000000,   0.39200,
,,,0.071414000000,   0.37600,
,,,0.071416000000,   0.36000,
,,,0.071418000000,   0.36000,
,,,0.071420000000,   0.35200,
,,,0.071422000000,   0.33600,
,,,0.071424000000,   0.32800,
,,,0.071426000000,   0.32000,
,,,0.071428000000,   0.31200,
,,,0.071430000000,   0.30400,
,,,0.071432000000,   0.29600,
,,,0.071434000000,   0.28800,
,,,0.071436000000,   0.28000,
,,,0.071438000000,   0.27200,
,,,0.071440000000,   0.27200,
,,,0.071442000000,   0.26400,
,,,0.071444000000,   0.25600,
,,,0.071446000000,   0.24000,
,,,0.071448000000,   0.24000,
,,,0.071450000000,   0.23200,
,,,0.071452000000,   0.22400,
,,,0.071454000000,   0.21600,
,,,0.071456000000,   0.20800,
,,,0.071458000000,   0.20800,
,,,0.071460000000,   0.20000,
,,,0.071462000000,   0.20000,
,,,0.071464000000,   0.18400,
,,,0.071466000000,   0.18400,
,,,0.071468000000,   0.18400,
,,,0.071470000000,   0.17600,
,,,0.071472000000,   0.16800,
,,,0.071474000000,   0.16000,
,,,0.071476000000,   0.16000,
,,,0.071478000000,   0.16000,
,,,0.071480000000,   0.15200,
,,,0.071482000000,   0.14400,
,,,0.071484000000,   0.13600,
,,,0.071486000000,   0.13600,
,,,0.071488000000,   0.12800,
,,,0.071490000000,   0.12800,
,,,0.071492000000,   0.12800,
,,,0.071494000000,   0.12000,
,,,0.071496000000,   0.11200,
,,,0.071498000000,   0.11200,
,,,0.071500000000,   0.11200,
,,,0.071502000000,   0.10400,
,,,0.071504000000,   0.10400,
,,,0.071506000000,   0.09600,
,,,0.071508000000,   0.09600,
,,,0.071510000000,   0.08800,
,,,0.071512000000,   0.08800,
,,,0.071514000000,   0.08800,
,,,0.071516000000,   0.08000,
,,,0.071518000000,   0.07200,
,,,0.071520000000,   0.07200,
,,,0.071522000000,   0.07200,
,,,0.071524000000,   0.07200,
,,,0.071526000000,   0.06400,
,,,0.071528000000,   0.06400,
,,,0.071530000000,   0.06400,
,,,0.071532000000,   0.06400,
,,,0.071534000000,   0.05600,
,,,0.071536000000,   0.05600,
,,,0.071538000000,   0.05600,
,,,0.071540000000,   0.05600,
,,,0.071542000000,   0.04800,
,,,0.071544000000,   0.04800,
,,,0.071546000000,   0.04800,
,,,0.071548000000,   0.04800,
,,,0.071550000000,   0.04800,
,,,0.071552000000,   0.04800,
,,,0.071554000000,   0.04000,
,,,0.071556000000,   0.04000,
,,,0.071558000000,   0.03200,
,,,0.071560000000,   0.03200,
,,,0.071562000000,   0.03200,
,,,0.071564000000,   0.04000,
,,,0.071566000000,   0.03200,
,,,0.071568000000,   0.03200,
,,,0.071570000000,   0.03200,
,,,0.071572000000,   0.02400,
,,,0.071574000000,   0.02400,
,,,0.071576000000,   0.02400,
,,,0.071578000000,   0.02400,
,,,0.071580000000,   0.01600,
,,,0.071582000000,   0.01600,
,,,0.071584000000,   0.01600,
,,,0.071586000000,   0.02400,
,,,0.071588000000,   0.01600,
,,,0.071590000000,   0.01600,
,,,0.071592000000,   0.01600,
,,,0.071594000000,   0.01600,
,,,0.071596000000,   0.01600,
,,,0.071598000000,   0.01600,
,,,0.071600000000,   0.01600,
,,,0.071602000000,   0.01600,
,,,0.071604000000,   0.01600,
,,,0.071606000000,   0.00800,
,,,0.071608000000,   0.01600,
,,,0.071610000000,   0.01600,
,,,0.071612000000,   0.01600,
,,,0.071614000000,   0.00800,
,,,0.071616000000,   0.00800,
,,,0.071618000000,   0.00800,
,,,0.071620000000,   0.01600,
,,,0.071622000000,   0.00800,
,,,0.071624000000,   0.00800,
,,,0.071626000000,   0.00800,
,,,0.071628000000,   0.00800,
,,,0.071630000000,   0.00800,
,,,0.071632000000,   0.00800,
,,,0.071634000000,   0.00800,
,,,0.071636000000,   0.00800,
,,,0.071638000000,   0.00800,
,,,0.071640000000,   0.00800,
,,,0.071642000000,   0.00800,
,,,0.071644000000,   0.00000,
,,,0.071646000000,   0.00800,
,,,0.071648000000,   0.00800,
,,,0.071650000000,   0.00000,
,,,0.071652000000,   0.00800,
,,,0.071654000000,   0.00800,
,,,0.071656000000,   0.00000,
,,,0.071658000000,   0.00000,
,,,0.071660000000,   0.00800,
,,,0.071662000000,   0.00800,
,,,0.071664000000,   0.00800,
,,,0.071666000000,   0.00000,
,,,0.071668000000,   0.00000,
,,,0.071670000000,   0.00000,
,,,0.071672000000,   0.00000,
,,,0.071674000000,   0.00000,
,,,0.071676000000,   0.00000,
,,,0.071678000000,   0.00000,
,,,0.071680000000,   0.00000,
,,,0.071682000000,   0.00000,
,,,0.071684000000,   0.00800,
,,,0.071686000000,   0.00800,
,,,0.071688000000,   0.00000,
,,,0.071690000000,   0.00800,
,,,0.071692000000,   0.00000,
,,,0.071694000000,   0.00800,
,,,0.071696000000,   0.00000,
,,,0.071698000000,   0.00000,
,,,0.071700000000,   0.00000,
,,,0.071702000000,   0.00000,
,,,0.071704000000,   0.00000,
,,,0.071706000000,   0.00000,
,,,0.071708000000,   0.00000,
,,,0.071710000000,   0.00000,
,,,0.071712000000,   0.00000,
,,,0.071714000000,   0.00000,
,,,0.071716000000,   0.00000,
,,,0.071718000000,   0.00000,
,,,0.071720000000,   0.00000,
,,,0.071722000000,   0.00000,
,,,0.071724000000,   0.00000,
,,,0.071726000000,   0.00000,
,,,0.071728000000,   0.00000,
,,,0.071730000000,   0.00000,
,,,0.071732000000,   0.00000,
,,,0.071734000000,   0.00000,
,,,0.071736000000,   0.00000,
,,,0.071738000000,   0.00000,
,,,0.071740000000,   0.00000,
,,,0.071742000000,   0.00000,
,,,0.071744000000,   0.00000,
,,,0.071746000000,   0.00000,
,,,0.071748000000,   0.00000,
,,,0.071750000000,   0.00000,
,,,0.071752000000,   0.00000,
,,,0.071754000000,   0.00000,
,,,0.071756000000,   0.00000,
,,,0.071758000000,   0.00000,
,,,0.071760000000,   0.00000,
,,,0.071762000000,   0.00000,
,,,0.071764000000,   0.00000,
,,,0.071766000000,   0.00000,
,,,0.071768000000,   0.00000,
,,,0.071770000000,   0.00000,
,,,0.071772000000,   0.00000,
,,,0.071774000000,   0.00000,
,,,0.071776000000,   0.00000,
,,,0.071778000000,   0.00000,
,,,0.071780000000,   0.00000,
,,,0.071782000000,   0.00000,
,,,0.071784000000,   0.00000,
,,,0.071786000000,   0.00000,
,,,0.071788000000,   0.00000,
,,,0.071790000000,   0.00000,
,,,0.071792000000,   0.00000,
,,,0.071794000000,   0.00000,
,,,0.071796000000,   0.00000,
,,,0.071798000000,   0.00000,
,,,0.071800000000,   0.00000,
,,,0.071802000000,   0.00000,
,,,0.071804000000,  -0.00800,
,,,0.071806000000,   0.00000,
,,,0.071808000000,   0.00000,
,,,0.071810000000,   0.00000,
,,,0.071812000000,   0.00000,
,,,0.071814000000,   0.00000,
,,,0.071816000000,   0.00000,
,,,0.071818000000,   0.00000,
,,,0.071820000000,   0.00000,
,,,0.071822000000,   0.00000,
,,,0.071824000000,   0.00000,
,,,0.071826000000,   0.00000,
,,,0.071828000000,   0.00000,
,,,0.071830000000,   0.00000,
,,,0.071832000000,   0.00000,
,,,0.071834000000,   0.00000,
,,,0.071836000000,   0.00000,
,,,0.071838000000,   0.00000,
,,,0.071840000000,   0.00000,
,,,0.071842000000,  -0.00800,
,,,0.071844000000,   0.00000,
,,,0.071846000000,   0.00000,
,,,0.071848000000,   0.00000,
,,,0.071850000000,   0.00000,
,,,0.071852000000,   0.00000,
,,,0.071854000000,   0.00000,
,,,0.071856000000,   0.00000,
,,,0.071858000000,   0.00000,
,,,0.071860000000,   0.00000,
,,,0.071862000000,   0.00000,
,,,0.071864000000,   0.00000,
,,,0.071866000000,   0.00000,
,,,0.071868000000,   0.00000,
,,,0.071870000000,  -0.00800,
,,,0.071872000000,  -0.00800,
,,,0.071874000000,   0.00000,
,,,0.071876000000,   0.00000,
,,,0.071878000000,   0.00000,
,,,0.071880000000,   0.00000,
,,,0.071882000000,   0.00000,
,,,0.071884000000,   0.00000,
,,,0.071886000000,   0.00000,
,,,0.071888000000,   0.00000,
,,,0.071890000000,   0.00000,
,,,0.071892000000,   0.00000,
,,,0.071894000000,   0.00000,
,,,0.071896000000,   0.00000,
,,,0.071898000000,   0.00000,
,,,0.071900000000,   0.00000,
,,,0.071902000000,   0.00000,
,,,0.071904000000,   0.00000,
,,,0.071906000000,   0.00000,
,,,0.071908000000,   0.00000,
,,,0.071910000000,   0.00000,
,,,0.071912000000,   0.00000,
,,,0.071914000000,   0.00000,
,,,0.071916000000,   0.00000,
,,,0.071918000000,   0.00000,
,,,0.071920000000,   0.00000,
,,,0.071922000000,   0.00000,
,,,0.071924000000,   0.00000,
,,,0.071926000000,   0.00000,
,,,0.071928000000,  -0.00800,
,,,0.071930000000,   0.00000,
,,,0.071932000000,   0.00000,
,,,0.071934000000,   0.00000,
,,,0.071936000000,   0.00000,
,,,0.071938000000,   0.00000,
,,,0.071940000000,  -0.00800,
,,,0.071942000000,   0.00000,
,,,0.071944000000,   0.00000,
,,,0.071946000000,   0.00000,
,,,0.071948000000,   0.00000,
,,,0.071950000000,   0.00000,
,,,0.071952000000,   0.00000,
,,,0.071954000000,   0.00000,
,,,0.071956000000,   0.00000,
,,,0.071958000000,   0.00000,
,,,0.071960000000,   0.00000,
,,,0.071962000000,   0.00000,
,,,0.071964000000,   0.00000,
,,,0.071966000000,   0.00000,
,,,0.071968000000,   0.00000,
,,,0.071970000000,   0.00000,
,,,0.071972000000,   0.00000,
,,,0.071974000000,   0.00000,
,,,0.071976000000,   0.00000,
,,,0.071978000000,  -0.00800,
,,,0.071980000000,   0.00000,
,,,0.071982000000,   0.00000,
,,,0.071984000000,   0.00000,
,,,0.071986000000,   0.00000,
,,,0.071988000000,   0.00000,
,,,0.071990000000,   0.00000,
,,,0.071992000000,   0.00000,
,,,0.071994000000,   0.00000,
,,,0.071996000000,   0.00000,
,,,0.071998000000,   0.00000,
,,,0.072000000000,   0.00000,
,,,0.072002000000,   0.00000,
,,,0.072004000000,   0.00000,
,,,0.072006000000,   0.00000,
,,,0.072008000000,   0.00000,
,,,0.072010000000,   0.00000,
,,,0.072012000000,   0.00000,
,,,0.072014000000,   0.00000,
,,,0.072016000000,   0.00000,
,,,0.072018000000,   0.00000,
,,,0.072020000000,   0.00000,
,,,0.072022000000,   0.00000,
,,,0.072024000000,   0.00000,
,,,0.072026000000,   0.00000,
,,,0.072028000000,   0.00000,
,,,0.072030000000,   0.00000,
,,,0.072032000000,   0.00000,
,,,0.072034000000,   0.00000,
,,,0.072036000000,   0.00000,
,,,0.072038000000,   0.00000,
,,,0.072040000000,   0.00000,
,,,0.072042000000,   0.00000,
,,,0.072044000000,   0.00000,
,,,0.072046000000,   0.00000,
,,,0.072048000000,   0.00000,
,,,0.072050000000,   0.00000,
,,,0.072052000000,   0.00000,
,,,0.072054000000,   0.00000,
,,,0.072056000000,   0.00000,
,,,0.072058000000,   0.00000,
,,,0.072060000000,   0.00000,
,,,0.072062000000,   0.00000,
,,,0.072064000000,   0.00000,
,,,0.072066000000,   0.00000,
,,,0.072068000000,   0.00000,
,,,0.072070000000,   0.00800,
,,,0.072072000000,   0.00000,
,,,0.072074000000,   0.00000,
,,,0.072076000000,   0.00000,
,,,0.072078000000,   0.00000,
,,,0.072080000000,   0.00000,
,,,0.072082000000,   0.00000,
,,,0.072084000000,   0.00800,
,,,0.072086000000,   0.00000,
,,,0.072088000000,   0.00800,
,,,0.072090000000,   0.00000,
,,,0.072092000000,   0.00000,
,,,0.072094000000,   0.00000,
,,,0.072096000000,   0.00000,
,,,0.072098000000,   0.00000,
,,,0.072100000000,   0.00000,
,,,0.072102000000,   0.00000,
,,,0.072104000000,   0.00000,
,,,0.072106000000,   0.00800,
,,,0.072108000000,   0.00800,
,,,0.072110000000,   0.00800,
,,,0.072112000000,   0.00000,
,,,0.072114000000,   0.00000,
,,,0.072116000000,   0.00000,
,,,0.072118000000,   0.00800,
,,,0.072120000000,   0.00000,
,,,0.072122000000,   0.00800,
,,,0.072124000000,   0.00000,
,,,0.072126000000,   0.00000,
,,,0.072128000000,   0.00800,
,,,0.072130000000,   0.00800,
,,,0.072132000000,   0.00800,
,,,0.072134000000,   0.00800,
,,,0.072136000000,   0.00800,
,,,0.072138000000,   0.00800,
,,,0.072140000000,   0.00800,
,,,0.072142000000,   0.00800,
,,,0.072144000000,   0.00800,
,,,0.072146000000,   0.00800,
,,,0.072148000000,   0.00800,
,,,0.072150000000,   0.00800,
,,,0.072152000000,   0.00800,
,,,0.072154000000,   0.00800,
,,,0.072156000000,   0.01600,
,,,0.072158000000,   0.00800,
,,,0.072160000000,   0.00800,
,,,0.072162000000,   0.00800,
,,,0.072164000000,   0.00800,
,,,0.072166000000,   0.00800,
,,,0.072168000000,   0.00800,
,,,0.072170000000,   0.00800,
,,,0.072172000000,   0.00800,
,,,0.072174000000,   0.01600,
,,,0.072176000000,   0.00800,
,,,0.072178000000,   0.01600,
,,,0.072180000000,   0.01600,
,,,0.072182000000,   0.01600,
,,,0.072184000000,   0.01600,
,,,0.072186000000,   0.01600,
,,,0.072188000000,   0.01600,
,,,0.072190000000,   0.01600,
,,,0.072192000000,   0.01600,
,,,0.072194000000,   0.01600,
,,,0.072196000000,   0.01600,
,,,0.072198000000,   0.01600,
,,,0.072200000000,   0.01600,
,,,0.072202000000,   0.01600,
,,,0.072204000000,   0.01600,
,,,0.072206000000,   0.01600,
,,,0.072208000000,   0.01600,
,,,0.072210000000,   0.02400,
,,,0.072212000000,   0.02400,
,,,0.072214000000,   0.01600,
,,,0.072216000000,   0.02400,
,,,0.072218000000,   0.02400,
,,,0.072220000000,   0.02400,
,,,0.072222000000,   0.02400,
,,,0.072224000000,   0.02400,
,,,0.072226000000,   0.02400,
,,,0.072228000000,   0.02400,
,,,0.072230000000,   0.02400,
,,,0.072232000000,   0.03200,
,,,0.072234000000,   0.02400,
,,,0.072236000000,   0.02400,
,,,0.072238000000,   0.03200,
,,,0.072240000000,   0.03200,
,,,0.072242000000,   0.03200,
,,,0.072244000000,   0.02400,
,,,0.072246000000,   0.03200,
,,,0.072248000000,   0.03200,
,,,0.072250000000,   0.03200,
,,,0.072252000000,   0.04000,
,,,0.072254000000,   0.04000,
,,,0.072256000000,   0.04000,
,,,0.072258000000,   0.04000,
,,,0.072260000000,   0.04000,
,,,0.072262000000,   0.04800,
,,,0.072264000000,   0.04800,
,,,0.072266000000,   0.04800,
,,,0.072268000000,   0.04800,
,,,0.072270000000,   0.04800,
,,,0.072272000000,   0.04800,
,,,0.072274000000,   0.05600,
,,,0.072276000000,   0.05600,
,,,0.072278000000,   0.06400,
,,,0.072280000000,   0.06400,
,,,0.072282000000,   0.06400,
,,,0.072284000000,   0.06400,
,,,0.072286000000,   0.07200,
,,,0.072288000000,   0.07200,
,,,0.072290000000,   0.07200,
,,,0.072292000000,   0.08000,
,,,0.072294000000,   0.08000,
,,,0.072296000000,   0.08800,
,,,0.072298000000,   0.08800,
,,,0.072300000000,   0.09600,
,,,0.072302000000,   0.09600,
,,,0.072304000000,   0.10400,
,,,0.072306000000,   0.10400,
,,,0.072308000000,   0.11200,
,,,0.072310000000,   0.12000,
,,,0.072312000000,   0.12000,
,,,0.072314000000,   0.12800,
,,,0.072316000000,   0.12800,
,,,0.072318000000,   0.14400,
,,,0.072320000000,   0.14400,
,,,0.072322000000,   0.15200,
,,,0.072324000000,   0.16000,
,,,0.072326000000,   0.16800,
,,,0.072328000000,   0.17600,
,,,0.072330000000,   0.18400,
,,,0.072332000000,   0.19200,
,,,0.072334000000,   0.20000,
,,,0.072336000000,   0.20800,
,,,0.072338000000,   0.21600,
,,,0.072340000000,   0.22400,
,,,0.072342000000,   0.23200,
,,,0.072344000000,   0.24000,
,,,0.072346000000,   0.25600,
,,,0.072348000000,   0.26400,
,,,0.072350000000,   0.27200,
,,,0.072352000000,   0.28800,
,,,0.072354000000,   0.28800,
,,,0.072356000000,   0.30400,
,,,0.072358000000,   0.31200,
,,,0.072360000000,   0.32000,
,,,0.072362000000,   0.33600,
,,,0.072364000000,   0.35200,
,,,0.072366000000,   0.35200,
,,,0.072368000000,   0.37600,
,,,0.072370000000,   0.37600,
,,,0.072372000000,   0.39200,
,,,0.072374000000,   0.40800,
,,,0.072376000000,   0.41600,
,,,0.072378000000,   0.43200,
,,,0.072380000000,   0.44000,
,,,0.072382000000,   0.45600,
,,,0.072384000000,   0.46400,
,,,0.072386000000,   0.47200,
,,,0.072388000000,   0.48800,
,,,0.072390000000,   0.50400,
,,,0.072392000000,   0.51200,
,,,0.072394000000,   0.52000,
,,,0.072396000000,   0.53600,
,,,0.072398000000,   0.54400,
,,,0.072400000000,   0.56000,
,,,0.072402000000,   0.57600,
,,,0.072404000000,   0.58400,
,,,0.072406000000,   0.59200,
,,,0.072408000000,   0.60800,
,,,0.072410000000,   0.61600,
,,,0.072412000000,   0.63200,
,,,0.072414000000,   0.64000,
,,,0.072416000000,   0.64800,
,,,0.072418000000,   0.65600,
,,,0.072420000000,   0.67200,
,,,0.072422000000,   0.68000,
,,,0.072424000000,   0.68800,
,,,0.072426000000,   0.70400,
,,,0.072428000000,   0.71200,
,,,0.072430000000,   0.72000,
,,,0.072432000000,   0.72800,
,,,0.072434000000,   0.73600,
,,,0.072436000000,   0.75200,
,,,0.072438000000,   0.75200,
,,,0.072440000000,   0.76800,
,,,0.072442000000,   0.76800,
,,,0.072444000000,   0.77600,
,,,0.072446000000,   0.79200,
,,,0.072448000000,   0.79200,
,,,0.072450000000,   0.80000,
,,,0.072452000000,   0.80800,
,,,0.072454000000,   0.81600,
,,,0.072456000000,   0.82400,
,,,0.072458000000,   0.83200,
,,,0.072460000000,   0.84000,
,,,0.072462000000,   0.84800,
,,,0.072464000000,   0.84800,
,,,0.072466000000,   0.85600,
,,,0.072468000000,   0.86400,
,,,0.072470000000,   0.87200,
,,,0.072472000000,   0.87200,
,,,0.072474000000,   0.88000,
,,,0.072476000000,   0.88800,
,,,0.072478000000,   0.89600,
,,,0.072480000000,   0.89600,
,,,0.072482000000,   0.90400,
,,,0.072484000000,   0.90400,
,,,0.072486000000,   0.91200,
,,,0.072488000000,   0.92000,
,,,0.072490000000,   0.92000,
,,,0.072492000000,   0.92800,
,,,0.072494000000,   0.92800,
,,,0.072496000000,   0.93600,
,,,0.072498000000,   0.93600,
,,,0.072500000000,   0.94400,
,,,0.072502000000,   0.94400,
,,,0.072504000000,   0.95200,
,,,0.072506000000,   0.95200,
,,,0.072508000000,   0.96000,
,,,0.072510000000,   0.96800,
,,,0.072512000000,   0.96800,
,,,0.072514000000,   0.97600,
,,,0.072516000000,   0.97600,
,,,0.072518000000,   0.98400,
,,,0.072520000000,   0.98400,
,,,0.072522000000,   0.99200,
,,,0.072524000000,   0.99200,
,,,0.072526000000,   0.99200,
,,,0.072528000000,   1.00000,
,,,0.072530000000,   1.00000,
,,,0.072532000000,   1.00000,
,,,0.072534000000,   1.00800,
,,,0.072536000000,   1.00800,
,,,0.072538000000,   1.00800,
,,,0.072540000000,   1.01600,
,,,0.072542000000,   1.01600,
,,,0.072544000000,   1.01600,
,,,0.072546000000,   1.01600,
,,,0.072548000000,   1.02400,
,,,0.072550000000,   1.02400,
,,,0.072552000000,   1.02400,
,,,0.072554000000,   1.02400,
,,,0.072556000000,   1.03200,
,,,0.072558000000,   1.03200,
,,,0.072560000000,   1.03200,
,,,0.072562000000,   1.03200,
,,,0.072564000000,   1.04000,
,,,0.072566000000,   1.04000,
,,,0.072568000000,   1.04800,
,,,0.072570000000,   1.04000,
,,,0.072572000000,   1.04000,
,,,0.072574000000,   1.04800,
,,,0.072576000000,   1.04800,
,,,0.072578000000,   1.04800,
,,,0.072580000000,   1.04800,
,,,0.072582000000,   1.04800,
,,,0.072584000000,   1.04800,
,,,0.072586000000,   1.04800,
,,,0.072588000000,   1.05600,
,,,0.072590000000,   1.05600,
,,,0.072592000000,   1.05600,
,,,0.072594000000,   1.05600,
,,,0.072596000000,   1.05600,
,,,0.072598000000,   1.05600,
,,,0.072600000000,   1.05600,
,,,0.072602000000,   1.05600,
,,,0.072604000000,   1.06400,
,,,0.072606000000,   1.05600,
,,,0.072608000000,   1.05600,
,,,0.072610000000,   1.06400,
,,,0.072612000000,   1.06400,
,,,0.072614000000,   1.06400,
,,,0.072616000000,   1.06400,
,,,0.072618000000,   1.06400,
,,,0.072620000000,   1.06400,
,,,0.072622000000,   1.06400,
,,,0.072624000000,   1.06400,
,,,0.072626000000,   1.06400,
,,,0.072628000000,   1.07200,
,,,0.072630000000,   1.06400,
,,,0.072632000000,   1.07200,
,,,0.072634000000,   1.06400,
,,,0.072636000000,   1.07200,
,,,0.072638000000,   1.07200,
,,,0.072640000000,   1.07200,
,,,0.072642000000,   1.07200,
,,,0.072644000000,   1.07200,
,,,0.072646000000,   1.07200,
,,,0.072648000000,   1.07200,
,,,0.072650000000,   1.07200,
,,,0.072652000000,   1.07200,
,,,0.072654000000,   1.07200,
,,,0.072656000000,   1.07200,
,,,0.072658000000,   1.07200,
,,,0.072660000000,   1.06400,
,,,0.072662000000,   1.07200,
,,,0.072664000000,   1.07200,
,,,0.072666000000,   1.07200,
,,,0.072668000000,   1.07200,
,,,0.072670000000,   1.07200,
,,,0.072672000000,   1.07200,
,,,0.072674000000,   1.07200,
,,,0.072676000000,   1.07200,
,,,0.072678000000,   1.07200,
,,,0.072680000000,   1.07200,
,,,0.072682000000,   1.07200,
,,,0.072684000000,   1.07200,
,,,0.072686000000,   1.07200,
,,,0.072688000000,   1.07200,
,,,0.072690000000,   1.07200,
,,,0.072692000000,   1.07200,
,,,0.072694000000,   1.07200,
,,,0.072696000000,   1.07200,
,,,0.072698000000,   1.07200,
,,,0.072700000000,   1.07200,
,,,0.072702000000,   1.07200,
,,,0.072704000000,   1.07200,
,,,0.072706000000,   1.07200,
,,,0.072708000000,   1.07200,
,,,0.072710000000,   1.07200,
,,,0.072712000000,   1.07200,
,,,0.072714000000,   1.07200,
,,,0.072716000000,   1.07200,
,,,0.072718000000,   1.07200,
,,,0.072720000000,   1.07200,
,,,0.072722000000,   1.07200,
,,,0.072724000000,   1.07200,
,,,0.072726000000,   1.07200,
,,,0.072728000000,   1.07200,
,,,0.072730000000,   1.07200,
,,,0.072732000000,   1.07200,
,,,0.072734000000,   1.07200,
,,,0.072736000000,   1.07200,
,,,0.072738000000,   1.07200,
,,,0.072740000000,   1.07200,
,,,0.072742000000,   1.07200,
,,,0.072744000000,   1.07200,
,,,0.072746000000,   1.07200,
,,,0.072748000000,   1.07200,
,,,0.072750000000,   1.07200,
,,,0.072752000000,   1.07200,
,,,0.072754000000,   1.07200,
,,,0.072756000000,   1.08000,
,,,0.072758000000,   1.07200,
,,,0.072760000000,   1.07200,
,,,0.072762000000,   1.07200,
,,,0.072764000000,   1.07200,
,,,0.072766000000,   1.07200,
,,,0.072768000000,   1.07200,
,,,0.072770000000,   1.07200,
,,,0.072772000000,   1.07200,
,,,0.072774000000,   1.07200,
,,,0.072776000000,   1.07200,
,,,0.072778000000,   1.08000,
,,,0.072780000000,   1.07200,
,,,0.072782000000,   1.07200,
,,,0.072784000000,   1.07200,
,,,0.072786000000,   1.08000,
,,,0.072788000000,   1.07200,
,,,0.072790000000,   1.07200,
,,,0.072792000000,   1.07200,
,,,0.072794000000,   1.07200,
,,,0.072796000000,   1.07200,
,,,0.072798000000,   1.07200,
,,,0.072800000000,   1.07200,
,,,0.072802000000,   1.07200,
,,,0.072804000000,   1.07200,
,,,0.072806000000,   1.07200,
,,,0.072808000000,   1.07200,
,,,0.072810000000,   1.07200,
,,,0.072812000000,   1.07200,
,,,0.072814000000,   1.07200,
,,,0.072816000000,   1.07200,
,,,0.072818000000,   1.07200,
,,,0.072820000000,   1.07200,
,,,0.072822000000,   1.07200,
,,,0.072824000000,   1.07200,
,,,0.072826000000,   1.07200,
,,,0.072828000000,   1.08000,
,,,0.072830000000,   1.07200,
,,,0.072832000000,   1.07200,
,,,0.072834000000,   1.07200,
,,,0.072836000000,   1.08000,
,,,0.072838000000,   1.08000,
